id=1182d44a4b6b681c5180531c15f05c72fa69cbac, timestamp=2020-01-14T02:53:42.320Z, signalstrenth=-74, battery=3012,  temperature=21,  consumptioncounter=0,  buttoncounter=0, timezone=GMT-8,,,,,1. Data Period: Jan-10-2020 to Jan-26-2020
id=1182d44a4b6b681c5180531c15f05c72fa69cbac, timestamp=2020-01-14T14:56:06.954Z, signalstrenth=-77, battery=3012,  temperature=22,  consumptioncounter=1,  buttoncounter=0, timezone=GMT-8,,,,,"2. Participants starting time varies, but mostly after Jan-10"
id=1182d44a4b6b681c5180531c15f05c72fa69cbac, timestamp=2020-01-15T14:49:21.372Z, signalstrenth=-80, battery=2988,  temperature=23,  consumptioncounter=2,  buttoncounter=0, timezone=GMT-8,,,,,"3. Consumptioncounter starting from 0, and may jump more than 1 between observations. Each observation corresponds to a data collection point. Sometime it is about a new consumption, sometimes it is due to variation of sensor battery, ambient temperature or others. Consumption counter starts from 0."
id=1182d44a4b6b681c5180531c15f05c72fa69cbac, timestamp=2020-01-15T16:49:20.883Z, signalstrenth=-79, battery=3000,  temperature=18,  consumptioncounter=2,  buttoncounter=0, timezone=GMT-8,,,,,4. Buttoncounter increments when participants press on the sensor
id=1182d44a4b6b681c5180531c15f05c72fa69cbac, timestamp=2020-01-16T14:47:06.928Z, signalstrenth=-88, battery=2988,  temperature=22,  consumptioncounter=3,  buttoncounter=0, timezone=GMT-8,,,,,"5. Data is sorted by each participant, then by event timestamp"
id=1182d44a4b6b681c5180531c15f05c72fa69cbac, timestamp=2020-01-16T18:47:36.698Z, signalstrenth=-75, battery=3000,  temperature=17,  consumptioncounter=3,  buttoncounter=0, timezone=GMT-8,,,,,
id=1182d44a4b6b681c5180531c15f05c72fa69cbac, timestamp=2020-01-17T06:47:37.662Z, signalstrenth=-93, battery=3000,  temperature=22,  consumptioncounter=3,  buttoncounter=0, timezone=GMT-8,,,,,
id=1182d44a4b6b681c5180531c15f05c72fa69cbac, timestamp=2020-01-17T14:58:12.673Z, signalstrenth=-82, battery=2988,  temperature=22,  consumptioncounter=4,  buttoncounter=0, timezone=GMT-8,,,,,
id=1182d44a4b6b681c5180531c15f05c72fa69cbac, timestamp=2020-01-18T16:48:35.573Z, signalstrenth=-78, battery=2994,  temperature=22,  consumptioncounter=4,  buttoncounter=0, timezone=GMT-8,,,,,
id=1182d44a4b6b681c5180531c15f05c72fa69cbac, timestamp=2020-01-18T18:46:17.806Z, signalstrenth=-84, battery=2994,  temperature=22,  consumptioncounter=5,  buttoncounter=0, timezone=GMT-8,,,,,
id=1182d44a4b6b681c5180531c15f05c72fa69cbac, timestamp=2020-01-19T18:46:41.450Z, signalstrenth=-88, battery=3000,  temperature=20,  consumptioncounter=5,  buttoncounter=0, timezone=GMT-8,,,,,
id=1182d44a4b6b681c5180531c15f05c72fa69cbac, timestamp=2020-01-19T18:52:16.745Z, signalstrenth=-90, battery=2994,  temperature=20,  consumptioncounter=6,  buttoncounter=0, timezone=GMT-8,,,,,
id=1182d44a4b6b681c5180531c15f05c72fa69cbac, timestamp=2020-01-20T18:46:41.477Z, signalstrenth=-81, battery=2994,  temperature=18,  consumptioncounter=7,  buttoncounter=0, timezone=GMT-8,,,,,
id=1182d44a4b6b681c5180531c15f05c72fa69cbac, timestamp=2020-01-21T14:50:01.696Z, signalstrenth=-82, battery=2994,  temperature=22,  consumptioncounter=8,  buttoncounter=0, timezone=GMT-8,,,,,
id=1182d44a4b6b681c5180531c15f05c72fa69cbac, timestamp=2020-01-21T20:49:59.917Z, signalstrenth=-79, battery=2994,  temperature=17,  consumptioncounter=8,  buttoncounter=0, timezone=GMT-8,,,,,
id=1182d44a4b6b681c5180531c15f05c72fa69cbac, timestamp=2020-01-22T06:50:27.229Z, signalstrenth=-77, battery=2988,  temperature=22,  consumptioncounter=8,  buttoncounter=0, timezone=GMT-8,,,,,
id=1182d44a4b6b681c5180531c15f05c72fa69cbac, timestamp=2020-01-22T12:50:25.596Z, signalstrenth=-76, battery=2994,  temperature=17,  consumptioncounter=8,  buttoncounter=0, timezone=GMT-8,,,,,
id=1182d44a4b6b681c5180531c15f05c72fa69cbac, timestamp=2020-01-22T14:58:28.625Z, signalstrenth=-80, battery=2988,  temperature=21,  consumptioncounter=9,  buttoncounter=0, timezone=GMT-8,,,,,
id=1182d44a4b6b681c5180531c15f05c72fa69cbac, timestamp=2020-01-23T14:57:31.130Z, signalstrenth=-77, battery=2994,  temperature=22,  consumptioncounter=10,  buttoncounter=0, timezone=GMT-8,,,,,
id=1182d44a4b6b681c5180531c15f05c72fa69cbac, timestamp=2020-01-24T14:53:32.553Z, signalstrenth=-75, battery=2988,  temperature=22,  consumptioncounter=11,  buttoncounter=0, timezone=GMT-8,,,,,
id=1182d44a4b6b681c5180531c15f05c72fa69cbac, timestamp=2020-01-25T14:53:32.334Z, signalstrenth=-78, battery=3000,  temperature=21,  consumptioncounter=11,  buttoncounter=0, timezone=GMT-8,,,,,
id=1182d44a4b6b681c5180531c15f05c72fa69cbac, timestamp=2020-01-26T14:53:49.584Z, signalstrenth=-80, battery=2994,  temperature=18,  consumptioncounter=11,  buttoncounter=0, timezone=GMT-8,,,,,
,,,,,,,,,,,,
id=03c5d6d1bcc2e17d0e85eac69730781ea9c1e12d, timestamp=2020-01-11T18:39:27.362Z, signalstrenth=-61, battery=2964,  temperature=18,  consumptioncounter=0,  buttoncounter=0, timezone=GMT+1,,,,,
id=03c5d6d1bcc2e17d0e85eac69730781ea9c1e12d, timestamp=2020-01-11T18:39:59.117Z, signalstrenth=-67, battery=2988,  temperature=18,  consumptioncounter=1,  buttoncounter=0, timezone=GMT+1,,,,,
id=03c5d6d1bcc2e17d0e85eac69730781ea9c1e12d, timestamp=2020-01-13T13:17:46.597Z, signalstrenth=-57, battery=2970,  temperature=18,  consumptioncounter=2,  buttoncounter=0, timezone=GMT+1,,,,,
id=03c5d6d1bcc2e17d0e85eac69730781ea9c1e12d, timestamp=2020-01-13T18:37:50.259Z, signalstrenth=-57, battery=2970,  temperature=21,  consumptioncounter=3,  buttoncounter=0, timezone=GMT+1,,,,,
id=03c5d6d1bcc2e17d0e85eac69730781ea9c1e12d, timestamp=2020-01-15T06:30:04.592Z, signalstrenth=-61, battery=2982,  temperature=18,  consumptioncounter=4,  buttoncounter=0, timezone=GMT+1,,,,,
id=03c5d6d1bcc2e17d0e85eac69730781ea9c1e12d, timestamp=2020-01-16T16:41:18.372Z, signalstrenth=-48, battery=2976,  temperature=16,  consumptioncounter=5,  buttoncounter=0, timezone=GMT+1,,,,,
id=03c5d6d1bcc2e17d0e85eac69730781ea9c1e12d, timestamp=2020-01-17T13:08:28.675Z, signalstrenth=-49, battery=2976,  temperature=17,  consumptioncounter=6,  buttoncounter=0, timezone=GMT+1,,,,,
id=03c5d6d1bcc2e17d0e85eac69730781ea9c1e12d, timestamp=2020-01-18T13:08:28.920Z, signalstrenth=-50, battery=2976,  temperature=17,  consumptioncounter=7,  buttoncounter=0, timezone=GMT+1,,,,,
id=03c5d6d1bcc2e17d0e85eac69730781ea9c1e12d, timestamp=2020-01-19T07:27:33.098Z, signalstrenth=-56, battery=2988,  temperature=18,  consumptioncounter=8,  buttoncounter=0, timezone=GMT+1,,,,,
id=03c5d6d1bcc2e17d0e85eac69730781ea9c1e12d, timestamp=2020-01-22T19:22:06.943Z, signalstrenth=-42, battery=2970,  temperature=18,  consumptioncounter=9,  buttoncounter=0, timezone=GMT+1,,,,,
id=03c5d6d1bcc2e17d0e85eac69730781ea9c1e12d, timestamp=2020-01-23T19:22:02.273Z, signalstrenth=-46, battery=2976,  temperature=18,  consumptioncounter=10,  buttoncounter=0, timezone=GMT+1,,,,,
id=03c5d6d1bcc2e17d0e85eac69730781ea9c1e12d, timestamp=2020-01-24T06:22:26.404Z, signalstrenth=-66, battery=2964,  temperature=18,  consumptioncounter=11,  buttoncounter=0, timezone=GMT+1,,,,,
id=03c5d6d1bcc2e17d0e85eac69730781ea9c1e12d, timestamp=2020-01-24T18:33:15.760Z, signalstrenth=-39, battery=2970,  temperature=20,  consumptioncounter=12,  buttoncounter=0, timezone=GMT+1,,,,,
id=03c5d6d1bcc2e17d0e85eac69730781ea9c1e12d, timestamp=2020-01-25T14:33:34.986Z, signalstrenth=-46, battery=2994,  temperature=18,  consumptioncounter=13,  buttoncounter=0, timezone=GMT+1,,,,,
id=03c5d6d1bcc2e17d0e85eac69730781ea9c1e12d, timestamp=2020-01-25T18:00:20.230Z, signalstrenth=-49, battery=2970,  temperature=18,  consumptioncounter=14,  buttoncounter=0, timezone=GMT+1,,,,,
id=03c5d6d1bcc2e17d0e85eac69730781ea9c1e12d, timestamp=2020-01-26T10:11:58.314Z, signalstrenth=-40, battery=2982,  temperature=18,  consumptioncounter=15,  buttoncounter=0, timezone=GMT+1,,,,,
,,,,,,,,,,,,
id=a577f9a64793f99d45ba95d8fadbf37a58014b08, timestamp=2020-01-09T18:23:04.329Z, signalstrenth=-54, battery=2994,  temperature=21,  consumptioncounter=0,  buttoncounter=0, timezone=GMT-8,,,,,
id=a577f9a64793f99d45ba95d8fadbf37a58014b08, timestamp=2020-01-09T21:25:09.373Z, signalstrenth=-67, battery=2982,  temperature=18,  consumptioncounter=1,  buttoncounter=0, timezone=GMT-8,,,,,
id=a577f9a64793f99d45ba95d8fadbf37a58014b08, timestamp=2020-01-10T21:25:33.050Z, signalstrenth=-54, battery=2976,  temperature=15,  consumptioncounter=1,  buttoncounter=0, timezone=GMT-8,,,,,
id=a577f9a64793f99d45ba95d8fadbf37a58014b08, timestamp=2020-01-11T07:20:24.855Z, signalstrenth=-70, battery=2964,  temperature=15,  consumptioncounter=2,  buttoncounter=0, timezone=GMT-8,,,,,
id=a577f9a64793f99d45ba95d8fadbf37a58014b08, timestamp=2020-01-12T07:21:18.507Z, signalstrenth=-52, battery=2964,  temperature=17,  consumptioncounter=2,  buttoncounter=0, timezone=GMT-8,,,,,
id=a577f9a64793f99d45ba95d8fadbf37a58014b08, timestamp=2020-01-13T07:21:42.398Z, signalstrenth=-56, battery=2970,  temperature=17,  consumptioncounter=2,  buttoncounter=0, timezone=GMT-8,,,,,
id=a577f9a64793f99d45ba95d8fadbf37a58014b08, timestamp=2020-01-13T14:58:22.625Z, signalstrenth=-61, battery=2958,  temperature=16,  consumptioncounter=3,  buttoncounter=0, timezone=GMT-8,,,,,
id=a577f9a64793f99d45ba95d8fadbf37a58014b08, timestamp=2020-01-14T04:40:07.653Z, signalstrenth=-47, battery=2952,  temperature=18,  consumptioncounter=4,  buttoncounter=0, timezone=GMT-8,,,,,
id=a577f9a64793f99d45ba95d8fadbf37a58014b08, timestamp=2020-01-15T03:59:34.787Z, signalstrenth=-59, battery=2958,  temperature=17,  consumptioncounter=5,  buttoncounter=0, timezone=GMT-8,,,,,
id=a577f9a64793f99d45ba95d8fadbf37a58014b08, timestamp=2020-01-16T03:59:34.275Z, signalstrenth=-59, battery=2964,  temperature=16,  consumptioncounter=5,  buttoncounter=0, timezone=GMT-8,,,,,
id=a577f9a64793f99d45ba95d8fadbf37a58014b08, timestamp=2020-01-16T04:09:57.749Z, signalstrenth=-49, battery=2952,  temperature=16,  consumptioncounter=6,  buttoncounter=0, timezone=GMT-8,,,,,
id=a577f9a64793f99d45ba95d8fadbf37a58014b08, timestamp=2020-01-17T04:09:57.567Z, signalstrenth=-57, battery=2970,  temperature=17,  consumptioncounter=6,  buttoncounter=0, timezone=GMT-8,,,,,
id=a577f9a64793f99d45ba95d8fadbf37a58014b08, timestamp=2020-01-17T04:22:18.662Z, signalstrenth=-59, battery=2952,  temperature=17,  consumptioncounter=7,  buttoncounter=0, timezone=GMT-8,,,,,
id=a577f9a64793f99d45ba95d8fadbf37a58014b08, timestamp=2020-01-17T15:51:21.476Z, signalstrenth=-62, battery=2946,  temperature=17,  consumptioncounter=8,  buttoncounter=0, timezone=GMT-8,,,,,
id=a577f9a64793f99d45ba95d8fadbf37a58014b08, timestamp=2020-01-17T17:51:20.663Z, signalstrenth=-42, battery=2952,  temperature=18,  consumptioncounter=8,  buttoncounter=0, timezone=GMT-8,,,,,
id=a577f9a64793f99d45ba95d8fadbf37a58014b08, timestamp=2020-01-18T17:51:44.529Z, signalstrenth=-47, battery=2964,  temperature=18,  consumptioncounter=8,  buttoncounter=0, timezone=GMT-8,,,,,
id=a577f9a64793f99d45ba95d8fadbf37a58014b08, timestamp=2020-01-19T03:52:11.845Z, signalstrenth=-44, battery=2958,  temperature=18,  consumptioncounter=8,  buttoncounter=0, timezone=GMT-8,,,,,
id=a577f9a64793f99d45ba95d8fadbf37a58014b08, timestamp=2020-01-19T04:40:39.168Z, signalstrenth=-42, battery=2958,  temperature=18,  consumptioncounter=9,  buttoncounter=0, timezone=GMT-8,,,,,
id=a577f9a64793f99d45ba95d8fadbf37a58014b08, timestamp=2020-01-20T04:40:38.507Z, signalstrenth=-45, battery=2970,  temperature=18,  consumptioncounter=9,  buttoncounter=0, timezone=GMT-8,,,,,
id=a577f9a64793f99d45ba95d8fadbf37a58014b08, timestamp=2020-01-21T04:40:38.954Z, signalstrenth=-68, battery=2970,  temperature=18,  consumptioncounter=9,  buttoncounter=0, timezone=GMT-8,,,,,
id=a577f9a64793f99d45ba95d8fadbf37a58014b08, timestamp=2020-01-21T05:12:35.185Z, signalstrenth=-50, battery=2958,  temperature=18,  consumptioncounter=10,  buttoncounter=0, timezone=GMT-8,,,,,
id=a577f9a64793f99d45ba95d8fadbf37a58014b08, timestamp=2020-01-22T05:12:34.987Z, signalstrenth=-51, battery=2964,  temperature=18,  consumptioncounter=10,  buttoncounter=0, timezone=GMT-8,,,,,
id=a577f9a64793f99d45ba95d8fadbf37a58014b08, timestamp=2020-01-23T05:12:35.292Z, signalstrenth=-50, battery=2964,  temperature=18,  consumptioncounter=10,  buttoncounter=0, timezone=GMT-8,,,,,
id=a577f9a64793f99d45ba95d8fadbf37a58014b08, timestamp=2020-01-24T05:12:35.481Z, signalstrenth=-49, battery=2970,  temperature=18,  consumptioncounter=10,  buttoncounter=0, timezone=GMT-8,,,,,
id=a577f9a64793f99d45ba95d8fadbf37a58014b08, timestamp=2020-01-24T13:12:14.319Z, signalstrenth=-50, battery=2970,  temperature=17,  consumptioncounter=10,  buttoncounter=0, timezone=GMT-8,,,,,
id=a577f9a64793f99d45ba95d8fadbf37a58014b08, timestamp=2020-01-25T13:12:14.223Z, signalstrenth=-50, battery=2970,  temperature=17,  consumptioncounter=10,  buttoncounter=0, timezone=GMT-8,,,,,
id=a577f9a64793f99d45ba95d8fadbf37a58014b08, timestamp=2020-01-26T13:12:14.788Z, signalstrenth=-52, battery=2958,  temperature=18,  consumptioncounter=10,  buttoncounter=0, timezone=GMT-8,,,,,
,,,,,,,,,,,,
id=5a85ea7af36b8daae3e1bc596f7104da8b17006b, timestamp=2020-01-10T06:27:01.623Z, signalstrenth=-63, battery=2976,  temperature=16,  consumptioncounter=0,  buttoncounter=2, timezone=GMT-8,,,,,
id=5a85ea7af36b8daae3e1bc596f7104da8b17006b, timestamp=2020-01-10T10:27:30.481Z, signalstrenth=-54, battery=3000,  temperature=11,  consumptioncounter=1,  buttoncounter=2, timezone=GMT-8,,,,,
id=5a85ea7af36b8daae3e1bc596f7104da8b17006b, timestamp=2020-01-10T14:39:44.873Z, signalstrenth=-64, battery=2988,  temperature=10,  consumptioncounter=2,  buttoncounter=2, timezone=GMT-8,,,,,
id=5a85ea7af36b8daae3e1bc596f7104da8b17006b, timestamp=2020-01-11T07:39:28.435Z, signalstrenth=-62, battery=2988,  temperature=12,  consumptioncounter=3,  buttoncounter=2, timezone=GMT-8,,,,,
id=5a85ea7af36b8daae3e1bc596f7104da8b17006b, timestamp=2020-01-12T07:19:01.173Z, signalstrenth=-58, battery=2976,  temperature=13,  consumptioncounter=4,  buttoncounter=2, timezone=GMT-8,,,,,
id=5a85ea7af36b8daae3e1bc596f7104da8b17006b, timestamp=2020-01-13T07:19:01.712Z, signalstrenth=-59, battery=2982,  temperature=12,  consumptioncounter=5,  buttoncounter=2, timezone=GMT-8,,,,,
id=5a85ea7af36b8daae3e1bc596f7104da8b17006b, timestamp=2020-01-14T07:04:48.013Z, signalstrenth=-61, battery=2970,  temperature=13,  consumptioncounter=6,  buttoncounter=2, timezone=GMT-8,,,,,
id=5a85ea7af36b8daae3e1bc596f7104da8b17006b, timestamp=2020-01-14T07:49:23.032Z, signalstrenth=-62, battery=2976,  temperature=13,  consumptioncounter=6,  buttoncounter=2, timezone=GMT-8,,,,,
id=5a85ea7af36b8daae3e1bc596f7104da8b17006b, timestamp=2020-01-15T07:00:11.974Z, signalstrenth=-63, battery=2970,  temperature=12,  consumptioncounter=7,  buttoncounter=2, timezone=GMT-8,,,,,
id=5a85ea7af36b8daae3e1bc596f7104da8b17006b, timestamp=2020-01-16T07:00:12.370Z, signalstrenth=-59, battery=2994,  temperature=11,  consumptioncounter=7,  buttoncounter=2, timezone=GMT-8,,,,,
id=5a85ea7af36b8daae3e1bc596f7104da8b17006b, timestamp=2020-01-16T07:09:19.373Z, signalstrenth=-72, battery=2970,  temperature=11,  consumptioncounter=7,  buttoncounter=2, timezone=GMT-8,,,,,
id=5a85ea7af36b8daae3e1bc596f7104da8b17006b, timestamp=2020-01-17T07:09:20.097Z, signalstrenth=-66, battery=2970,  temperature=10,  consumptioncounter=8,  buttoncounter=2, timezone=GMT-8,,,,,
id=5a85ea7af36b8daae3e1bc596f7104da8b17006b, timestamp=2020-01-17T07:18:36.992Z, signalstrenth=-64, battery=2958,  temperature=10,  consumptioncounter=8,  buttoncounter=2, timezone=GMT-8,,,,,
id=5a85ea7af36b8daae3e1bc596f7104da8b17006b, timestamp=2020-01-18T07:18:36.770Z, signalstrenth=-72, battery=2970,  temperature=11,  consumptioncounter=9,  buttoncounter=2, timezone=GMT-8,,,,,
id=5a85ea7af36b8daae3e1bc596f7104da8b17006b, timestamp=2020-01-19T07:18:37.446Z, signalstrenth=-65, battery=2976,  temperature=11,  consumptioncounter=10,  buttoncounter=2, timezone=GMT-8,,,,,
id=5a85ea7af36b8daae3e1bc596f7104da8b17006b, timestamp=2020-01-20T07:18:38.180Z, signalstrenth=-62, battery=2976,  temperature=11,  consumptioncounter=11,  buttoncounter=2, timezone=GMT-8,,,,,
id=5a85ea7af36b8daae3e1bc596f7104da8b17006b, timestamp=2020-01-21T07:18:38.854Z, signalstrenth=-58, battery=2970,  temperature=12,  consumptioncounter=12,  buttoncounter=2, timezone=GMT-8,,,,,
id=5a85ea7af36b8daae3e1bc596f7104da8b17006b, timestamp=2020-01-22T07:18:39.512Z, signalstrenth=-75, battery=2988,  temperature=12,  consumptioncounter=13,  buttoncounter=2, timezone=GMT-8,,,,,
id=5a85ea7af36b8daae3e1bc596f7104da8b17006b, timestamp=2020-01-23T06:52:26.183Z, signalstrenth=-74, battery=2970,  temperature=15,  consumptioncounter=14,  buttoncounter=2, timezone=GMT-8,,,,,
id=5a85ea7af36b8daae3e1bc596f7104da8b17006b, timestamp=2020-01-24T06:52:27.654Z, signalstrenth=-74, battery=2982,  temperature=15,  consumptioncounter=15,  buttoncounter=2, timezone=GMT-8,,,,,
id=5a85ea7af36b8daae3e1bc596f7104da8b17006b, timestamp=2020-01-25T06:26:52.538Z, signalstrenth=-70, battery=2970,  temperature=15,  consumptioncounter=16,  buttoncounter=2, timezone=GMT-8,,,,,
id=5a85ea7af36b8daae3e1bc596f7104da8b17006b, timestamp=2020-01-26T06:26:53.917Z, signalstrenth=-57, battery=2994,  temperature=15,  consumptioncounter=16,  buttoncounter=2, timezone=GMT-8,,,,,
id=5a85ea7af36b8daae3e1bc596f7104da8b17006b, timestamp=2020-01-26T07:31:51.729Z, signalstrenth=-73, battery=2970,  temperature=16,  consumptioncounter=17,  buttoncounter=2, timezone=GMT-8,,,,,
,,,,,,,,,,,,
id=27bdf175bd555f1f682df595c51e6253c839266d, timestamp=2020-01-17T16:08:48.134Z, signalstrenth=-47, battery=2904,  temperature=15,  consumptioncounter=0,  buttoncounter=0, timezone=GMT-8,,,,,
id=27bdf175bd555f1f682df595c51e6253c839266d, timestamp=2020-01-17T16:09:47.959Z, signalstrenth=-76, battery=2982,  temperature=15,  consumptioncounter=1,  buttoncounter=0, timezone=GMT-8,,,,,
id=27bdf175bd555f1f682df595c51e6253c839266d, timestamp=2020-01-18T04:30:12.973Z, signalstrenth=-34, battery=2976,  temperature=18,  consumptioncounter=2,  buttoncounter=0, timezone=GMT-8,,,,,
id=27bdf175bd555f1f682df595c51e6253c839266d, timestamp=2020-01-18T15:14:53.224Z, signalstrenth=-47, battery=2976,  temperature=15,  consumptioncounter=3,  buttoncounter=0, timezone=GMT-8,,,,,
id=27bdf175bd555f1f682df595c51e6253c839266d, timestamp=2020-01-18T17:58:01.105Z, signalstrenth=-28, battery=2964,  temperature=16,  consumptioncounter=4,  buttoncounter=0, timezone=GMT-8,,,,,
id=27bdf175bd555f1f682df595c51e6253c839266d, timestamp=2020-01-19T07:58:02.180Z, signalstrenth=-27, battery=2988,  temperature=18,  consumptioncounter=4,  buttoncounter=0, timezone=GMT-8,,,,,
id=27bdf175bd555f1f682df595c51e6253c839266d, timestamp=2020-01-20T02:05:33.587Z, signalstrenth=-52, battery=2970,  temperature=18,  consumptioncounter=5,  buttoncounter=0, timezone=GMT-8,,,,,
id=27bdf175bd555f1f682df595c51e6253c839266d, timestamp=2020-01-20T18:48:14.156Z, signalstrenth=-29, battery=2958,  temperature=17,  consumptioncounter=6,  buttoncounter=0, timezone=GMT-8,,,,,
id=27bdf175bd555f1f682df595c51e6253c839266d, timestamp=2020-01-21T18:48:14.351Z, signalstrenth=-32, battery=2970,  temperature=16,  consumptioncounter=6,  buttoncounter=0, timezone=GMT-8,,,,,
id=27bdf175bd555f1f682df595c51e6253c839266d, timestamp=2020-01-22T01:13:14.433Z, signalstrenth=-27, battery=2964,  temperature=18,  consumptioncounter=7,  buttoncounter=0, timezone=GMT-8,,,,,
id=27bdf175bd555f1f682df595c51e6253c839266d, timestamp=2020-01-22T16:11:17.506Z, signalstrenth=-31, battery=2964,  temperature=18,  consumptioncounter=8,  buttoncounter=0, timezone=GMT-8,,,,,
id=27bdf175bd555f1f682df595c51e6253c839266d, timestamp=2020-01-23T16:11:18.120Z, signalstrenth=-39, battery=2970,  temperature=17,  consumptioncounter=8,  buttoncounter=0, timezone=GMT-8,,,,,
id=27bdf175bd555f1f682df595c51e6253c839266d, timestamp=2020-01-24T15:32:41.426Z, signalstrenth=-30, battery=2964,  temperature=16,  consumptioncounter=9,  buttoncounter=0, timezone=GMT-8,,,,,
id=27bdf175bd555f1f682df595c51e6253c839266d, timestamp=2020-01-25T15:32:41.731Z, signalstrenth=-32, battery=2970,  temperature=16,  consumptioncounter=9,  buttoncounter=0, timezone=GMT-8,,,,,
id=27bdf175bd555f1f682df595c51e6253c839266d, timestamp=2020-01-26T15:32:41.986Z, signalstrenth=-31, battery=2976,  temperature=17,  consumptioncounter=9,  buttoncounter=0, timezone=GMT-8,,,,,
,,,,,,,,,,,,
id=926bbccc9287be59681dd6544bde05e580526a60, timestamp=2020-01-10T06:38:45.243Z, signalstrenth=-54, battery=3024,  temperature=18,  consumptioncounter=2,  buttoncounter=0, timezone=GMT-8,,,,,
id=926bbccc9287be59681dd6544bde05e580526a60, timestamp=2020-01-10T17:28:58.950Z, signalstrenth=-50, battery=3018,  temperature=18,  consumptioncounter=3,  buttoncounter=0, timezone=GMT-8,,,,,
id=926bbccc9287be59681dd6544bde05e580526a60, timestamp=2020-01-11T03:26:31.445Z, signalstrenth=-56, battery=3000,  temperature=18,  consumptioncounter=4,  buttoncounter=0, timezone=GMT-8,,,,,
id=926bbccc9287be59681dd6544bde05e580526a60, timestamp=2020-01-11T05:28:25.161Z, signalstrenth=-51, battery=3006,  temperature=18,  consumptioncounter=5,  buttoncounter=0, timezone=GMT-8,,,,,
id=926bbccc9287be59681dd6544bde05e580526a60, timestamp=2020-01-11T18:33:06.985Z, signalstrenth=-50, battery=3000,  temperature=20,  consumptioncounter=6,  buttoncounter=0, timezone=GMT-8,,,,,
id=926bbccc9287be59681dd6544bde05e580526a60, timestamp=2020-01-12T18:33:07.068Z, signalstrenth=-37, battery=3006,  temperature=18,  consumptioncounter=6,  buttoncounter=0, timezone=GMT-8,,,,,
id=926bbccc9287be59681dd6544bde05e580526a60, timestamp=2020-01-13T00:42:05.166Z, signalstrenth=-37, battery=2994,  temperature=18,  consumptioncounter=7,  buttoncounter=0, timezone=GMT-8,,,,,
,,,,,,,,,,,,
id=d15251c3d0b99020b1fc3f68ba441a4ec025933d, timestamp=2020-01-09T03:50:43.272Z, signalstrenth=-64, battery=3018,  temperature=18,  consumptioncounter=0,  buttoncounter=0, timezone=GMT-8,,,,,
id=d15251c3d0b99020b1fc3f68ba441a4ec025933d, timestamp=2020-01-09T03:51:20.139Z, signalstrenth=-70, battery=3018,  temperature=18,  consumptioncounter=1,  buttoncounter=0, timezone=GMT-8,,,,,
id=d15251c3d0b99020b1fc3f68ba441a4ec025933d, timestamp=2020-01-10T02:52:17.836Z, signalstrenth=-70, battery=3000,  temperature=15,  consumptioncounter=2,  buttoncounter=0, timezone=GMT-8,,,,,
id=d15251c3d0b99020b1fc3f68ba441a4ec025933d, timestamp=2020-01-11T02:52:04.267Z, signalstrenth=-75, battery=2982,  temperature=15,  consumptioncounter=3,  buttoncounter=0, timezone=GMT-8,,,,,
id=d15251c3d0b99020b1fc3f68ba441a4ec025933d, timestamp=2020-01-12T02:52:04.548Z, signalstrenth=-75, battery=3000,  temperature=15,  consumptioncounter=3,  buttoncounter=0, timezone=GMT-8,,,,,
id=d15251c3d0b99020b1fc3f68ba441a4ec025933d, timestamp=2020-01-12T03:42:33.535Z, signalstrenth=-72, battery=2988,  temperature=15,  consumptioncounter=4,  buttoncounter=0, timezone=GMT-8,,,,,
id=d15251c3d0b99020b1fc3f68ba441a4ec025933d, timestamp=2020-01-13T02:41:26.690Z, signalstrenth=-74, battery=2982,  temperature=15,  consumptioncounter=5,  buttoncounter=0, timezone=GMT-8,,,,,
id=d15251c3d0b99020b1fc3f68ba441a4ec025933d, timestamp=2020-01-14T02:41:51.672Z, signalstrenth=-71, battery=2994,  temperature=15,  consumptioncounter=5,  buttoncounter=0, timezone=GMT-8,,,,,
id=d15251c3d0b99020b1fc3f68ba441a4ec025933d, timestamp=2020-01-14T03:10:57.341Z, signalstrenth=-74, battery=2994,  temperature=15,  consumptioncounter=6,  buttoncounter=0, timezone=GMT-8,,,,,
id=d15251c3d0b99020b1fc3f68ba441a4ec025933d, timestamp=2020-01-15T03:10:58.190Z, signalstrenth=-74, battery=3000,  temperature=15,  consumptioncounter=6,  buttoncounter=0, timezone=GMT-8,,,,,
id=d15251c3d0b99020b1fc3f68ba441a4ec025933d, timestamp=2020-01-15T04:13:28.342Z, signalstrenth=-82, battery=2994,  temperature=15,  consumptioncounter=7,  buttoncounter=0, timezone=GMT-8,,,,,
id=d15251c3d0b99020b1fc3f68ba441a4ec025933d, timestamp=2020-01-16T03:34:47.529Z, signalstrenth=-71, battery=2988,  temperature=13,  consumptioncounter=8,  buttoncounter=0, timezone=GMT-8,,,,,
id=d15251c3d0b99020b1fc3f68ba441a4ec025933d, timestamp=2020-01-17T03:34:47.596Z, signalstrenth=-65, battery=2988,  temperature=13,  consumptioncounter=8,  buttoncounter=0, timezone=GMT-8,,,,,
id=d15251c3d0b99020b1fc3f68ba441a4ec025933d, timestamp=2020-01-17T04:05:17.489Z, signalstrenth=-73, battery=2976,  temperature=12,  consumptioncounter=9,  buttoncounter=0, timezone=GMT-8,,,,,
id=d15251c3d0b99020b1fc3f68ba441a4ec025933d, timestamp=2020-01-18T04:05:18.020Z, signalstrenth=-72, battery=2994,  temperature=13,  consumptioncounter=9,  buttoncounter=0, timezone=GMT-8,,,,,
id=d15251c3d0b99020b1fc3f68ba441a4ec025933d, timestamp=2020-01-18T06:15:52.377Z, signalstrenth=-91, battery=2982,  temperature=13,  consumptioncounter=10,  buttoncounter=0, timezone=GMT-8,,,,,
id=d15251c3d0b99020b1fc3f68ba441a4ec025933d, timestamp=2020-01-19T06:16:15.654Z, signalstrenth=-75, battery=3000,  temperature=15,  consumptioncounter=10,  buttoncounter=0, timezone=GMT-8,,,,,
id=d15251c3d0b99020b1fc3f68ba441a4ec025933d, timestamp=2020-01-20T06:16:16.427Z, signalstrenth=-69, battery=2988,  temperature=13,  consumptioncounter=10,  buttoncounter=0, timezone=GMT-8,,,,,
id=d15251c3d0b99020b1fc3f68ba441a4ec025933d, timestamp=2020-01-21T02:40:25.082Z, signalstrenth=-72, battery=2988,  temperature=15,  consumptioncounter=11,  buttoncounter=0, timezone=GMT-8,,,,,
id=d15251c3d0b99020b1fc3f68ba441a4ec025933d, timestamp=2020-01-22T02:40:25.786Z, signalstrenth=-72, battery=2994,  temperature=15,  consumptioncounter=11,  buttoncounter=0, timezone=GMT-8,,,,,
id=d15251c3d0b99020b1fc3f68ba441a4ec025933d, timestamp=2020-01-22T04:48:14.011Z, signalstrenth=-72, battery=2976,  temperature=15,  consumptioncounter=12,  buttoncounter=0, timezone=GMT-8,,,,,
id=d15251c3d0b99020b1fc3f68ba441a4ec025933d, timestamp=2020-01-23T04:35:43.107Z, signalstrenth=-68, battery=2976,  temperature=17,  consumptioncounter=13,  buttoncounter=0, timezone=GMT-8,,,,,
id=d15251c3d0b99020b1fc3f68ba441a4ec025933d, timestamp=2020-01-24T04:26:14.233Z, signalstrenth=-69, battery=2988,  temperature=16,  consumptioncounter=14,  buttoncounter=0, timezone=GMT-8,,,,,
id=d15251c3d0b99020b1fc3f68ba441a4ec025933d, timestamp=2020-01-25T04:26:14.686Z, signalstrenth=-70, battery=2994,  temperature=17,  consumptioncounter=14,  buttoncounter=0, timezone=GMT-8,,,,,
id=d15251c3d0b99020b1fc3f68ba441a4ec025933d, timestamp=2020-01-26T04:26:15.489Z, signalstrenth=-73, battery=3000,  temperature=18,  consumptioncounter=14,  buttoncounter=0, timezone=GMT-8,,,,,
,,,,,,,,,,,,
id=46b8a17d13aa9ebb31ae3379d55de117fa640fbe, timestamp=2020-01-14T19:09:23.771Z, signalstrenth=-35, battery=2988,  temperature=20,  consumptioncounter=0,  buttoncounter=0, timezone=GMT+1,,,,,
id=46b8a17d13aa9ebb31ae3379d55de117fa640fbe, timestamp=2020-01-14T19:10:05.741Z, signalstrenth=-58, battery=3012,  temperature=21,  consumptioncounter=1,  buttoncounter=0, timezone=GMT+1,,,,,
id=46b8a17d13aa9ebb31ae3379d55de117fa640fbe, timestamp=2020-01-15T17:36:05.497Z, signalstrenth=-62, battery=2988,  temperature=18,  consumptioncounter=2,  buttoncounter=0, timezone=GMT+1,,,,,
id=46b8a17d13aa9ebb31ae3379d55de117fa640fbe, timestamp=2020-01-16T17:36:06.054Z, signalstrenth=-57, battery=2994,  temperature=18,  consumptioncounter=2,  buttoncounter=0, timezone=GMT+1,,,,,
id=46b8a17d13aa9ebb31ae3379d55de117fa640fbe, timestamp=2020-01-16T23:35:57.018Z, signalstrenth=-74, battery=3000,  temperature=18,  consumptioncounter=2,  buttoncounter=0, timezone=GMT+1,,,,,
id=46b8a17d13aa9ebb31ae3379d55de117fa640fbe, timestamp=2020-01-17T23:36:20.393Z, signalstrenth=-54, battery=2988,  temperature=18,  consumptioncounter=2,  buttoncounter=0, timezone=GMT+1,,,,,
id=46b8a17d13aa9ebb31ae3379d55de117fa640fbe, timestamp=2020-01-18T08:26:46.909Z, signalstrenth=-59, battery=2976,  temperature=18,  consumptioncounter=3,  buttoncounter=0, timezone=GMT+1,,,,,
id=46b8a17d13aa9ebb31ae3379d55de117fa640fbe, timestamp=2020-01-19T07:08:16.570Z, signalstrenth=-59, battery=2988,  temperature=18,  consumptioncounter=4,  buttoncounter=0, timezone=GMT+1,,,,,
id=46b8a17d13aa9ebb31ae3379d55de117fa640fbe, timestamp=2020-01-20T07:08:39.920Z, signalstrenth=-63, battery=3000,  temperature=18,  consumptioncounter=4,  buttoncounter=0, timezone=GMT+1,,,,,
id=46b8a17d13aa9ebb31ae3379d55de117fa640fbe, timestamp=2020-01-21T05:22:43.246Z, signalstrenth=-61, battery=2988,  temperature=18,  consumptioncounter=5,  buttoncounter=0, timezone=GMT+1,,,,,
id=46b8a17d13aa9ebb31ae3379d55de117fa640fbe, timestamp=2020-01-22T05:22:43.743Z, signalstrenth=-62, battery=3000,  temperature=18,  consumptioncounter=5,  buttoncounter=0, timezone=GMT+1,,,,,
id=46b8a17d13aa9ebb31ae3379d55de117fa640fbe, timestamp=2020-01-23T05:23:29.792Z, signalstrenth=-73, battery=2994,  temperature=18,  consumptioncounter=5,  buttoncounter=0, timezone=GMT+1,,,,,
id=46b8a17d13aa9ebb31ae3379d55de117fa640fbe, timestamp=2020-01-24T05:23:53.332Z, signalstrenth=-63, battery=2988,  temperature=18,  consumptioncounter=5,  buttoncounter=0, timezone=GMT+1,,,,,
id=46b8a17d13aa9ebb31ae3379d55de117fa640fbe, timestamp=2020-01-24T05:54:50.407Z, signalstrenth=-54, battery=2994,  temperature=18,  consumptioncounter=6,  buttoncounter=0, timezone=GMT+1,,,,,
id=46b8a17d13aa9ebb31ae3379d55de117fa640fbe, timestamp=2020-01-25T05:54:50.866Z, signalstrenth=-61, battery=2982,  temperature=18,  consumptioncounter=6,  buttoncounter=0, timezone=GMT+1,,,,,
id=46b8a17d13aa9ebb31ae3379d55de117fa640fbe, timestamp=2020-01-26T05:54:51.195Z, signalstrenth=-66, battery=2994,  temperature=18,  consumptioncounter=6,  buttoncounter=0, timezone=GMT+1,,,,,
,,,,,,,,,,,,
id=af214ec1596bf0f079f7c3e5f2f834629fd7860f, timestamp=2020-01-08T19:35:16.225Z, signalstrenth=-70, battery=3012,  temperature=25,  consumptioncounter=0,  buttoncounter=0, timezone=GMT+1,,,,,
id=af214ec1596bf0f079f7c3e5f2f834629fd7860f, timestamp=2020-01-08T19:36:08.288Z, signalstrenth=-66, battery=3042,  temperature=25,  consumptioncounter=1,  buttoncounter=0, timezone=GMT+1,,,,,
id=af214ec1596bf0f079f7c3e5f2f834629fd7860f, timestamp=2020-01-08T19:42:13.791Z, signalstrenth=-67, battery=3036,  temperature=25,  consumptioncounter=2,  buttoncounter=0, timezone=GMT+1,,,,,
id=af214ec1596bf0f079f7c3e5f2f834629fd7860f, timestamp=2020-01-08T19:48:44.459Z, signalstrenth=-71, battery=3030,  temperature=23,  consumptioncounter=3,  buttoncounter=0, timezone=GMT+1,,,,,
id=af214ec1596bf0f079f7c3e5f2f834629fd7860f, timestamp=2020-01-09T01:48:42.960Z, signalstrenth=-63, battery=3036,  temperature=18,  consumptioncounter=3,  buttoncounter=0, timezone=GMT+1,,,,,
id=af214ec1596bf0f079f7c3e5f2f834629fd7860f, timestamp=2020-01-10T01:48:43.341Z, signalstrenth=-77, battery=3024,  temperature=18,  consumptioncounter=3,  buttoncounter=0, timezone=GMT+1,,,,,
id=af214ec1596bf0f079f7c3e5f2f834629fd7860f, timestamp=2020-01-10T06:42:11.697Z, signalstrenth=-85, battery=3018,  temperature=18,  consumptioncounter=4,  buttoncounter=0, timezone=GMT+1,,,,,
id=af214ec1596bf0f079f7c3e5f2f834629fd7860f, timestamp=2020-01-10T16:38:46.469Z, signalstrenth=-65, battery=3006,  temperature=21,  consumptioncounter=11,  buttoncounter=0, timezone=GMT+1,,,,,
id=af214ec1596bf0f079f7c3e5f2f834629fd7860f, timestamp=2020-01-11T16:39:37.288Z, signalstrenth=-61, battery=3012,  temperature=18,  consumptioncounter=11,  buttoncounter=0, timezone=GMT+1,,,,,
id=af214ec1596bf0f079f7c3e5f2f834629fd7860f, timestamp=2020-01-11T17:59:44.920Z, signalstrenth=-72, battery=3012,  temperature=18,  consumptioncounter=12,  buttoncounter=0, timezone=GMT+1,,,,,
id=af214ec1596bf0f079f7c3e5f2f834629fd7860f, timestamp=2020-01-12T17:59:44.992Z, signalstrenth=-66, battery=3012,  temperature=18,  consumptioncounter=12,  buttoncounter=0, timezone=GMT+1,,,,,
id=af214ec1596bf0f079f7c3e5f2f834629fd7860f, timestamp=2020-01-12T18:53:25.875Z, signalstrenth=-62, battery=3012,  temperature=18,  consumptioncounter=13,  buttoncounter=0, timezone=GMT+1,,,,,
id=af214ec1596bf0f079f7c3e5f2f834629fd7860f, timestamp=2020-01-13T06:13:25.873Z, signalstrenth=-62, battery=3000,  temperature=18,  consumptioncounter=14,  buttoncounter=0, timezone=GMT+1,,,,,
id=af214ec1596bf0f079f7c3e5f2f834629fd7860f, timestamp=2020-01-13T18:56:05.871Z, signalstrenth=-63, battery=2994,  temperature=15,  consumptioncounter=26,  buttoncounter=0, timezone=GMT+1,,,,,
id=af214ec1596bf0f079f7c3e5f2f834629fd7860f, timestamp=2020-01-13T20:34:53.893Z, signalstrenth=-68, battery=2994,  temperature=18,  consumptioncounter=27,  buttoncounter=0, timezone=GMT+1,,,,,
id=af214ec1596bf0f079f7c3e5f2f834629fd7860f, timestamp=2020-01-14T20:34:53.774Z, signalstrenth=-68, battery=3018,  temperature=18,  consumptioncounter=27,  buttoncounter=0, timezone=GMT+1,,,,,
id=af214ec1596bf0f079f7c3e5f2f834629fd7860f, timestamp=2020-01-15T20:34:54.129Z, signalstrenth=-75, battery=3012,  temperature=18,  consumptioncounter=27,  buttoncounter=0, timezone=GMT+1,,,,,
id=af214ec1596bf0f079f7c3e5f2f834629fd7860f, timestamp=2020-01-16T20:34:55.069Z, signalstrenth=-75, battery=3012,  temperature=18,  consumptioncounter=27,  buttoncounter=0, timezone=GMT+1,,,,,
id=af214ec1596bf0f079f7c3e5f2f834629fd7860f, timestamp=2020-01-17T20:34:55.397Z, signalstrenth=-78, battery=3012,  temperature=18,  consumptioncounter=27,  buttoncounter=0, timezone=GMT+1,,,,,
id=af214ec1596bf0f079f7c3e5f2f834629fd7860f, timestamp=2020-01-18T18:03:06.100Z, signalstrenth=-85, battery=3000,  temperature=18,  consumptioncounter=28,  buttoncounter=0, timezone=GMT+1,,,,,
id=af214ec1596bf0f079f7c3e5f2f834629fd7860f, timestamp=2020-01-19T18:03:06.817Z, signalstrenth=-66, battery=3018,  temperature=18,  consumptioncounter=28,  buttoncounter=0, timezone=GMT+1,,,,,
id=af214ec1596bf0f079f7c3e5f2f834629fd7860f, timestamp=2020-01-20T18:03:07.165Z, signalstrenth=-71, battery=3012,  temperature=16,  consumptioncounter=28,  buttoncounter=0, timezone=GMT+1,,,,,
id=af214ec1596bf0f079f7c3e5f2f834629fd7860f, timestamp=2020-01-20T20:38:04.617Z, signalstrenth=-74, battery=3012,  temperature=18,  consumptioncounter=29,  buttoncounter=0, timezone=GMT+1,,,,,
id=af214ec1596bf0f079f7c3e5f2f834629fd7860f, timestamp=2020-01-21T20:38:04.348Z, signalstrenth=-74, battery=3018,  temperature=21,  consumptioncounter=29,  buttoncounter=0, timezone=GMT+1,,,,,
id=af214ec1596bf0f079f7c3e5f2f834629fd7860f, timestamp=2020-01-22T15:25:21.278Z, signalstrenth=-76, battery=3012,  temperature=21,  consumptioncounter=30,  buttoncounter=0, timezone=GMT+1,,,,,
id=af214ec1596bf0f079f7c3e5f2f834629fd7860f, timestamp=2020-01-22T15:32:33.917Z, signalstrenth=-79, battery=3000,  temperature=20,  consumptioncounter=31,  buttoncounter=0, timezone=GMT+1,,,,,
id=af214ec1596bf0f079f7c3e5f2f834629fd7860f, timestamp=2020-01-23T13:52:57.439Z, signalstrenth=-73, battery=3012,  temperature=27,  consumptioncounter=31,  buttoncounter=0, timezone=GMT+1,,,,,
id=af214ec1596bf0f079f7c3e5f2f834629fd7860f, timestamp=2020-01-23T15:53:26.737Z, signalstrenth=-78, battery=3018,  temperature=22,  consumptioncounter=31,  buttoncounter=0, timezone=GMT+1,,,,,
id=af214ec1596bf0f079f7c3e5f2f834629fd7860f, timestamp=2020-01-24T15:53:27.016Z, signalstrenth=-74, battery=3030,  temperature=22,  consumptioncounter=31,  buttoncounter=0, timezone=GMT+1,,,,,
id=af214ec1596bf0f079f7c3e5f2f834629fd7860f, timestamp=2020-01-25T13:27:27.720Z, signalstrenth=-71, battery=3006,  temperature=22,  consumptioncounter=32,  buttoncounter=0, timezone=GMT+1,,,,,
id=af214ec1596bf0f079f7c3e5f2f834629fd7860f, timestamp=2020-01-26T13:27:27.839Z, signalstrenth=-72, battery=3024,  temperature=22,  consumptioncounter=32,  buttoncounter=0, timezone=GMT+1,,,,,
,,,,,,,,,,,,
id=2391b54fde52aa7773dd7066a0e541477890c92a, timestamp=2020-01-08T19:15:14.177Z, signalstrenth=-44, battery=3054,  temperature=22,  consumptioncounter=1,  buttoncounter=0, timezone=GMT+1,,,,,
id=2391b54fde52aa7773dd7066a0e541477890c92a, timestamp=2020-01-08T19:20:42.058Z, signalstrenth=-64, battery=3048,  temperature=23,  consumptioncounter=2,  buttoncounter=0, timezone=GMT+1,,,,,
id=2391b54fde52aa7773dd7066a0e541477890c92a, timestamp=2020-01-09T22:00:05.826Z, signalstrenth=-52, battery=3018,  temperature=25,  consumptioncounter=12,  buttoncounter=1, timezone=GMT+1,,,,,
id=2391b54fde52aa7773dd7066a0e541477890c92a, timestamp=2020-01-09T22:18:49.227Z, signalstrenth=-54, battery=3030,  temperature=20,  consumptioncounter=12,  buttoncounter=1, timezone=GMT+1,,,,,
id=2391b54fde52aa7773dd7066a0e541477890c92a, timestamp=2020-01-10T06:50:21.417Z, signalstrenth=-48, battery=3030,  temperature=18,  consumptioncounter=13,  buttoncounter=1, timezone=GMT+1,,,,,
id=2391b54fde52aa7773dd7066a0e541477890c92a, timestamp=2020-01-10T18:25:13.872Z, signalstrenth=-30, battery=3018,  temperature=22,  consumptioncounter=14,  buttoncounter=1, timezone=GMT+1,,,,,
id=2391b54fde52aa7773dd7066a0e541477890c92a, timestamp=2020-01-11T18:25:06.583Z, signalstrenth=-36, battery=3030,  temperature=22,  consumptioncounter=14,  buttoncounter=1, timezone=GMT+1,,,,,
id=2391b54fde52aa7773dd7066a0e541477890c92a, timestamp=2020-01-12T12:25:01.486Z, signalstrenth=-37, battery=3036,  temperature=18,  consumptioncounter=14,  buttoncounter=1, timezone=GMT+1,,,,,
id=2391b54fde52aa7773dd7066a0e541477890c92a, timestamp=2020-01-12T14:25:01.049Z, signalstrenth=-37, battery=3030,  temperature=18,  consumptioncounter=14,  buttoncounter=1, timezone=GMT+1,,,,,
id=2391b54fde52aa7773dd7066a0e541477890c92a, timestamp=2020-01-12T15:27:17.067Z, signalstrenth=-38, battery=3018,  temperature=18,  consumptioncounter=15,  buttoncounter=1, timezone=GMT+1,,,,,
id=2391b54fde52aa7773dd7066a0e541477890c92a, timestamp=2020-01-12T19:27:15.590Z, signalstrenth=-30, battery=3030,  temperature=20,  consumptioncounter=15,  buttoncounter=1, timezone=GMT+1,,,,,
id=2391b54fde52aa7773dd7066a0e541477890c92a, timestamp=2020-01-12T21:27:15.012Z, signalstrenth=-36, battery=3024,  temperature=20,  consumptioncounter=15,  buttoncounter=1, timezone=GMT+1,,,,,
id=2391b54fde52aa7773dd7066a0e541477890c92a, timestamp=2020-01-13T21:27:07.945Z, signalstrenth=-38, battery=3036,  temperature=22,  consumptioncounter=15,  buttoncounter=1, timezone=GMT+1,,,,,
id=2391b54fde52aa7773dd7066a0e541477890c92a, timestamp=2020-01-13T21:29:08.834Z, signalstrenth=-37, battery=3018,  temperature=23,  consumptioncounter=16,  buttoncounter=1, timezone=GMT+1,,,,,
id=2391b54fde52aa7773dd7066a0e541477890c92a, timestamp=2020-01-14T19:29:32.497Z, signalstrenth=-48, battery=3036,  temperature=20,  consumptioncounter=16,  buttoncounter=1, timezone=GMT+1,,,,,
id=2391b54fde52aa7773dd7066a0e541477890c92a, timestamp=2020-01-17T09:29:14.151Z, signalstrenth=-41, battery=3024,  temperature=18,  consumptioncounter=16,  buttoncounter=1, timezone=GMT+1,,,,,
id=2391b54fde52aa7773dd7066a0e541477890c92a, timestamp=2020-01-17T11:29:13.572Z, signalstrenth=-42, battery=3024,  temperature=18,  consumptioncounter=16,  buttoncounter=1, timezone=GMT+1,,,,,
id=2391b54fde52aa7773dd7066a0e541477890c92a, timestamp=2020-01-18T11:29:13.844Z, signalstrenth=-52, battery=3030,  temperature=18,  consumptioncounter=16,  buttoncounter=1, timezone=GMT+1,,,,,
id=2391b54fde52aa7773dd7066a0e541477890c92a, timestamp=2020-01-18T23:29:03.063Z, signalstrenth=-48, battery=3030,  temperature=18,  consumptioncounter=16,  buttoncounter=1, timezone=GMT+1,,,,,
id=2391b54fde52aa7773dd7066a0e541477890c92a, timestamp=2020-01-19T03:29:01.933Z, signalstrenth=-48, battery=3018,  temperature=18,  consumptioncounter=16,  buttoncounter=1, timezone=GMT+1,,,,,
id=2391b54fde52aa7773dd7066a0e541477890c92a, timestamp=2020-01-19T05:29:01.393Z, signalstrenth=-41, battery=3030,  temperature=18,  consumptioncounter=16,  buttoncounter=1, timezone=GMT+1,,,,,
id=2391b54fde52aa7773dd7066a0e541477890c92a, timestamp=2020-01-19T10:30:23.845Z, signalstrenth=-47, battery=3030,  temperature=21,  consumptioncounter=17,  buttoncounter=1, timezone=GMT+1,,,,,
id=2391b54fde52aa7773dd7066a0e541477890c92a, timestamp=2020-01-20T10:30:46.886Z, signalstrenth=-49, battery=3030,  temperature=22,  consumptioncounter=17,  buttoncounter=1, timezone=GMT+1,,,,,
id=2391b54fde52aa7773dd7066a0e541477890c92a, timestamp=2020-01-20T14:30:46.084Z, signalstrenth=-48, battery=3024,  temperature=22,  consumptioncounter=17,  buttoncounter=1, timezone=GMT+1,,,,,
id=2391b54fde52aa7773dd7066a0e541477890c92a, timestamp=2020-01-20T16:30:45.153Z, signalstrenth=-39, battery=3030,  temperature=23,  consumptioncounter=17,  buttoncounter=1, timezone=GMT+1,,,,,
id=2391b54fde52aa7773dd7066a0e541477890c92a, timestamp=2020-01-22T20:40:45.789Z, signalstrenth=-42, battery=3024,  temperature=21,  consumptioncounter=17,  buttoncounter=1, timezone=GMT+1,,,,,
id=2391b54fde52aa7773dd7066a0e541477890c92a, timestamp=2020-01-22T22:40:45.832Z, signalstrenth=-38, battery=3030,  temperature=21,  consumptioncounter=17,  buttoncounter=1, timezone=GMT+1,,,,,
id=2391b54fde52aa7773dd7066a0e541477890c92a, timestamp=2020-01-23T07:10:57.216Z, signalstrenth=-41, battery=3018,  temperature=21,  consumptioncounter=18,  buttoncounter=1, timezone=GMT+1,,,,,
id=2391b54fde52aa7773dd7066a0e541477890c92a, timestamp=2020-01-24T07:10:57.318Z, signalstrenth=-40, battery=3036,  temperature=21,  consumptioncounter=18,  buttoncounter=1, timezone=GMT+1,,,,,
id=2391b54fde52aa7773dd7066a0e541477890c92a, timestamp=2020-01-24T09:10:49.420Z, signalstrenth=-46, battery=3024,  temperature=21,  consumptioncounter=18,  buttoncounter=1, timezone=GMT+1,,,,,
id=2391b54fde52aa7773dd7066a0e541477890c92a, timestamp=2020-01-24T19:10:47.095Z, signalstrenth=-46, battery=3030,  temperature=21,  consumptioncounter=18,  buttoncounter=1, timezone=GMT+1,,,,,
id=2391b54fde52aa7773dd7066a0e541477890c92a, timestamp=2020-01-25T19:10:47.292Z, signalstrenth=-47, battery=3036,  temperature=21,  consumptioncounter=18,  buttoncounter=1, timezone=GMT+1,,,,,
id=2391b54fde52aa7773dd7066a0e541477890c92a, timestamp=2020-01-25T23:10:38.418Z, signalstrenth=-50, battery=3030,  temperature=21,  consumptioncounter=18,  buttoncounter=1, timezone=GMT+1,,,,,
id=2391b54fde52aa7773dd7066a0e541477890c92a, timestamp=2020-01-26T03:10:37.347Z, signalstrenth=-47, battery=3030,  temperature=18,  consumptioncounter=18,  buttoncounter=1, timezone=GMT+1,,,,,
id=2391b54fde52aa7773dd7066a0e541477890c92a, timestamp=2020-01-26T05:10:36.684Z, signalstrenth=-47, battery=3018,  temperature=18,  consumptioncounter=18,  buttoncounter=1, timezone=GMT+1,,,,,
id=2391b54fde52aa7773dd7066a0e541477890c92a, timestamp=2020-01-26T07:10:36.106Z, signalstrenth=-49, battery=3036,  temperature=18,  consumptioncounter=18,  buttoncounter=1, timezone=GMT+1,,,,,
id=2391b54fde52aa7773dd7066a0e541477890c92a, timestamp=2020-01-26T09:10:35.457Z, signalstrenth=-41, battery=3024,  temperature=20,  consumptioncounter=18,  buttoncounter=1, timezone=GMT+1,,,,,
id=2391b54fde52aa7773dd7066a0e541477890c92a, timestamp=2020-01-26T11:10:34.952Z, signalstrenth=-40, battery=3036,  temperature=20,  consumptioncounter=18,  buttoncounter=1, timezone=GMT+1,,,,,
,,,,,,,,,,,,
id=24d0bb88a1b56448a3f6c6d852488b942385523b, timestamp=2020-01-15T15:08:02.938Z, signalstrenth=-28, battery=2958,  temperature=18,  consumptioncounter=0,  buttoncounter=0, timezone=GMT-8,,,,,
id=24d0bb88a1b56448a3f6c6d852488b942385523b, timestamp=2020-01-16T03:19:26.057Z, signalstrenth=-44, battery=2988,  temperature=18,  consumptioncounter=1,  buttoncounter=0, timezone=GMT-8,,,,,
id=24d0bb88a1b56448a3f6c6d852488b942385523b, timestamp=2020-01-17T03:19:26.417Z, signalstrenth=-42, battery=2988,  temperature=18,  consumptioncounter=1,  buttoncounter=0, timezone=GMT-8,,,,,
id=24d0bb88a1b56448a3f6c6d852488b942385523b, timestamp=2020-01-17T03:22:07.318Z, signalstrenth=-67, battery=2976,  temperature=18,  consumptioncounter=2,  buttoncounter=0, timezone=GMT-8,,,,,
id=24d0bb88a1b56448a3f6c6d852488b942385523b, timestamp=2020-01-18T03:22:07.541Z, signalstrenth=-49, battery=2988,  temperature=18,  consumptioncounter=2,  buttoncounter=0, timezone=GMT-8,,,,,
id=24d0bb88a1b56448a3f6c6d852488b942385523b, timestamp=2020-01-18T03:42:01.475Z, signalstrenth=-46, battery=2982,  temperature=18,  consumptioncounter=3,  buttoncounter=0, timezone=GMT-8,,,,,
id=24d0bb88a1b56448a3f6c6d852488b942385523b, timestamp=2020-01-19T03:42:01.957Z, signalstrenth=-39, battery=2988,  temperature=18,  consumptioncounter=3,  buttoncounter=0, timezone=GMT-8,,,,,
id=24d0bb88a1b56448a3f6c6d852488b942385523b, timestamp=2020-01-19T04:08:58.110Z, signalstrenth=-41, battery=2982,  temperature=18,  consumptioncounter=4,  buttoncounter=0, timezone=GMT-8,,,,,
id=24d0bb88a1b56448a3f6c6d852488b942385523b, timestamp=2020-01-20T04:08:58.336Z, signalstrenth=-47, battery=2982,  temperature=18,  consumptioncounter=4,  buttoncounter=0, timezone=GMT-8,,,,,
id=24d0bb88a1b56448a3f6c6d852488b942385523b, timestamp=2020-01-20T04:32:25.742Z, signalstrenth=-48, battery=2964,  temperature=21,  consumptioncounter=5,  buttoncounter=0, timezone=GMT-8,,,,,
id=24d0bb88a1b56448a3f6c6d852488b942385523b, timestamp=2020-01-20T09:34:03.741Z, signalstrenth=-41, battery=2982,  temperature=18,  consumptioncounter=6,  buttoncounter=0, timezone=GMT-8,,,,,
id=24d0bb88a1b56448a3f6c6d852488b942385523b, timestamp=2020-01-21T03:15:07.974Z, signalstrenth=-41, battery=2982,  temperature=18,  consumptioncounter=7,  buttoncounter=0, timezone=GMT-8,,,,,
id=24d0bb88a1b56448a3f6c6d852488b942385523b, timestamp=2020-01-22T03:15:08.195Z, signalstrenth=-39, battery=2982,  temperature=18,  consumptioncounter=7,  buttoncounter=0, timezone=GMT-8,,,,,
id=24d0bb88a1b56448a3f6c6d852488b942385523b, timestamp=2020-01-23T02:44:01.221Z, signalstrenth=-53, battery=2970,  temperature=18,  consumptioncounter=8,  buttoncounter=0, timezone=GMT-8,,,,,
id=24d0bb88a1b56448a3f6c6d852488b942385523b, timestamp=2020-01-24T02:44:00.821Z, signalstrenth=-55, battery=2988,  temperature=18,  consumptioncounter=8,  buttoncounter=0, timezone=GMT-8,,,,,
id=24d0bb88a1b56448a3f6c6d852488b942385523b, timestamp=2020-01-24T04:28:47.645Z, signalstrenth=-40, battery=2970,  temperature=18,  consumptioncounter=9,  buttoncounter=0, timezone=GMT-8,,,,,
id=24d0bb88a1b56448a3f6c6d852488b942385523b, timestamp=2020-01-25T04:29:04.634Z, signalstrenth=-37, battery=2982,  temperature=18,  consumptioncounter=9,  buttoncounter=0, timezone=GMT-8,,,,,
id=24d0bb88a1b56448a3f6c6d852488b942385523b, timestamp=2020-01-25T22:28:59.271Z, signalstrenth=-45, battery=2988,  temperature=18,  consumptioncounter=9,  buttoncounter=0, timezone=GMT-8,,,,,
,,,,,,,,,,,,
id=a50c9b74fb9565ba7b00fe64d0c7e9bcc9588304, timestamp=2020-01-08T20:43:46.916Z, signalstrenth=-66, battery=2988,  temperature=22,  consumptioncounter=0,  buttoncounter=0, timezone=GMT+1,,,,,
id=a50c9b74fb9565ba7b00fe64d0c7e9bcc9588304, timestamp=2020-01-08T20:45:03.340Z, signalstrenth=-60, battery=3036,  temperature=23,  consumptioncounter=1,  buttoncounter=0, timezone=GMT+1,,,,,
id=a50c9b74fb9565ba7b00fe64d0c7e9bcc9588304, timestamp=2020-01-09T00:46:02.018Z, signalstrenth=-64, battery=3036,  temperature=18,  consumptioncounter=1,  buttoncounter=0, timezone=GMT+1,,,,,
id=a50c9b74fb9565ba7b00fe64d0c7e9bcc9588304, timestamp=2020-01-09T22:16:22.211Z, signalstrenth=-63, battery=3006,  temperature=18,  consumptioncounter=2,  buttoncounter=0, timezone=GMT+1,,,,,
id=a50c9b74fb9565ba7b00fe64d0c7e9bcc9588304, timestamp=2020-01-10T17:02:13.109Z, signalstrenth=-77, battery=2994,  temperature=20,  consumptioncounter=3,  buttoncounter=0, timezone=GMT+1,,,,,
id=a50c9b74fb9565ba7b00fe64d0c7e9bcc9588304, timestamp=2020-01-11T17:02:13.472Z, signalstrenth=-84, battery=3000,  temperature=20,  consumptioncounter=3,  buttoncounter=0, timezone=GMT+1,,,,,
id=a50c9b74fb9565ba7b00fe64d0c7e9bcc9588304, timestamp=2020-01-11T21:11:57.212Z, signalstrenth=-47, battery=3006,  temperature=22,  consumptioncounter=4,  buttoncounter=0, timezone=GMT+1,,,,,
id=a50c9b74fb9565ba7b00fe64d0c7e9bcc9588304, timestamp=2020-01-12T09:34:57.616Z, signalstrenth=-47, battery=2988,  temperature=22,  consumptioncounter=5,  buttoncounter=0, timezone=GMT+1,,,,,
id=a50c9b74fb9565ba7b00fe64d0c7e9bcc9588304, timestamp=2020-01-12T15:09:44.378Z, signalstrenth=-51, battery=2994,  temperature=22,  consumptioncounter=6,  buttoncounter=0, timezone=GMT+1,,,,,
id=a50c9b74fb9565ba7b00fe64d0c7e9bcc9588304, timestamp=2020-01-13T15:11:07.257Z, signalstrenth=-49, battery=3000,  temperature=21,  consumptioncounter=6,  buttoncounter=0, timezone=GMT+1,,,,,
id=a50c9b74fb9565ba7b00fe64d0c7e9bcc9588304, timestamp=2020-01-13T21:18:54.537Z, signalstrenth=-48, battery=2994,  temperature=20,  consumptioncounter=7,  buttoncounter=0, timezone=GMT+1,,,,,
id=a50c9b74fb9565ba7b00fe64d0c7e9bcc9588304, timestamp=2020-01-14T21:18:54.723Z, signalstrenth=-53, battery=3000,  temperature=20,  consumptioncounter=7,  buttoncounter=0, timezone=GMT+1,,,,,
id=a50c9b74fb9565ba7b00fe64d0c7e9bcc9588304, timestamp=2020-01-14T22:21:32.364Z, signalstrenth=-53, battery=3006,  temperature=22,  consumptioncounter=8,  buttoncounter=0, timezone=GMT+1,,,,,
id=a50c9b74fb9565ba7b00fe64d0c7e9bcc9588304, timestamp=2020-01-15T21:02:41.024Z, signalstrenth=-57, battery=2988,  temperature=22,  consumptioncounter=9,  buttoncounter=0, timezone=GMT+1,,,,,
id=a50c9b74fb9565ba7b00fe64d0c7e9bcc9588304, timestamp=2020-01-16T21:02:41.241Z, signalstrenth=-57, battery=2994,  temperature=18,  consumptioncounter=9,  buttoncounter=0, timezone=GMT+1,,,,,
id=a50c9b74fb9565ba7b00fe64d0c7e9bcc9588304, timestamp=2020-01-17T17:27:30.275Z, signalstrenth=-75, battery=3000,  temperature=22,  consumptioncounter=10,  buttoncounter=0, timezone=GMT+1,,,,,
id=a50c9b74fb9565ba7b00fe64d0c7e9bcc9588304, timestamp=2020-01-17T17:34:22.607Z, signalstrenth=-63, battery=2994,  temperature=21,  consumptioncounter=11,  buttoncounter=0, timezone=GMT+1,,,,,
,,,,,,,,,,,,
id=45ea8db0c9656f2517b36b5155864ce1e91d04b1, timestamp=2020-01-08T17:18:02.588Z, signalstrenth=-79, battery=3018,  temperature=18,  consumptioncounter=1,  buttoncounter=0, timezone=GMT+1,,,,,
id=45ea8db0c9656f2517b36b5155864ce1e91d04b1, timestamp=2020-01-08T17:23:56.856Z, signalstrenth=-51, battery=3000,  temperature=18,  consumptioncounter=2,  buttoncounter=0, timezone=GMT+1,,,,,
id=45ea8db0c9656f2517b36b5155864ce1e91d04b1, timestamp=2020-01-08T18:01:35.441Z, signalstrenth=-67, battery=3024,  temperature=18,  consumptioncounter=3,  buttoncounter=0, timezone=GMT+1,,,,,
id=45ea8db0c9656f2517b36b5155864ce1e91d04b1, timestamp=2020-01-08T18:51:35.043Z, signalstrenth=-78, battery=3012,  temperature=23,  consumptioncounter=3,  buttoncounter=0, timezone=GMT+1,,,,,
id=45ea8db0c9656f2517b36b5155864ce1e91d04b1, timestamp=2020-01-08T19:00:03.139Z, signalstrenth=-70, battery=3000,  temperature=23,  consumptioncounter=4,  buttoncounter=0, timezone=GMT+1,,,,,
id=45ea8db0c9656f2517b36b5155864ce1e91d04b1, timestamp=2020-01-08T21:03:01.949Z, signalstrenth=-62, battery=3024,  temperature=18,  consumptioncounter=4,  buttoncounter=0, timezone=GMT+1,,,,,
id=45ea8db0c9656f2517b36b5155864ce1e91d04b1, timestamp=2020-01-09T12:22:58.239Z, signalstrenth=-65, battery=3000,  temperature=25,  consumptioncounter=4,  buttoncounter=0, timezone=GMT+1,,,,,
id=45ea8db0c9656f2517b36b5155864ce1e91d04b1, timestamp=2020-01-09T16:22:56.697Z, signalstrenth=-57, battery=3000,  temperature=18,  consumptioncounter=4,  buttoncounter=0, timezone=GMT+1,,,,,
id=45ea8db0c9656f2517b36b5155864ce1e91d04b1, timestamp=2020-01-09T20:05:01.251Z, signalstrenth=-49, battery=2994,  temperature=18,  consumptioncounter=5,  buttoncounter=0, timezone=GMT+1,,,,,
id=45ea8db0c9656f2517b36b5155864ce1e91d04b1, timestamp=2020-01-10T17:25:40.611Z, signalstrenth=-56, battery=2988,  temperature=18,  consumptioncounter=6,  buttoncounter=0, timezone=GMT+1,,,,,
id=45ea8db0c9656f2517b36b5155864ce1e91d04b1, timestamp=2020-01-10T18:48:21.465Z, signalstrenth=-53, battery=2988,  temperature=18,  consumptioncounter=7,  buttoncounter=0, timezone=GMT+1,,,,,
id=45ea8db0c9656f2517b36b5155864ce1e91d04b1, timestamp=2020-01-11T18:49:14.628Z, signalstrenth=-58, battery=2988,  temperature=18,  consumptioncounter=7,  buttoncounter=0, timezone=GMT+1,,,,,
id=45ea8db0c9656f2517b36b5155864ce1e91d04b1, timestamp=2020-01-12T14:44:27.103Z, signalstrenth=-61, battery=2976,  temperature=21,  consumptioncounter=8,  buttoncounter=0, timezone=GMT+1,,,,,
id=45ea8db0c9656f2517b36b5155864ce1e91d04b1, timestamp=2020-01-12T18:39:30.247Z, signalstrenth=-59, battery=2976,  temperature=20,  consumptioncounter=9,  buttoncounter=0, timezone=GMT+1,,,,,
id=45ea8db0c9656f2517b36b5155864ce1e91d04b1, timestamp=2020-01-13T08:39:26.304Z, signalstrenth=-59, battery=2994,  temperature=15,  consumptioncounter=9,  buttoncounter=0, timezone=GMT+1,,,,,
id=45ea8db0c9656f2517b36b5155864ce1e91d04b1, timestamp=2020-01-13T18:35:46.566Z, signalstrenth=-58, battery=2970,  temperature=18,  consumptioncounter=10,  buttoncounter=0, timezone=GMT+1,,,,,
id=45ea8db0c9656f2517b36b5155864ce1e91d04b1, timestamp=2020-01-14T20:27:39.476Z, signalstrenth=-50, battery=2988,  temperature=20,  consumptioncounter=10,  buttoncounter=0, timezone=GMT+1,,,,,
id=45ea8db0c9656f2517b36b5155864ce1e91d04b1, timestamp=2020-01-15T22:09:02.505Z, signalstrenth=-50, battery=2988,  temperature=20,  consumptioncounter=10,  buttoncounter=0, timezone=GMT+1,,,,,
id=45ea8db0c9656f2517b36b5155864ce1e91d04b1, timestamp=2020-01-16T19:01:36.261Z, signalstrenth=-61, battery=2976,  temperature=21,  consumptioncounter=11,  buttoncounter=0, timezone=GMT+1,,,,,
id=45ea8db0c9656f2517b36b5155864ce1e91d04b1, timestamp=2020-01-17T06:39:41.190Z, signalstrenth=-65, battery=2976,  temperature=22,  consumptioncounter=12,  buttoncounter=0, timezone=GMT+1,,,,,
id=45ea8db0c9656f2517b36b5155864ce1e91d04b1, timestamp=2020-01-17T07:10:11.158Z, signalstrenth=-56, battery=2994,  temperature=17,  consumptioncounter=12,  buttoncounter=0, timezone=GMT+1,,,,,
id=45ea8db0c9656f2517b36b5155864ce1e91d04b1, timestamp=2020-01-17T13:50:00.750Z, signalstrenth=-53, battery=2976,  temperature=18,  consumptioncounter=13,  buttoncounter=0, timezone=GMT+1,,,,,
id=45ea8db0c9656f2517b36b5155864ce1e91d04b1, timestamp=2020-01-17T15:25:23.281Z, signalstrenth=-50, battery=2976,  temperature=20,  consumptioncounter=14,  buttoncounter=0, timezone=GMT+1,,,,,
id=45ea8db0c9656f2517b36b5155864ce1e91d04b1, timestamp=2020-01-18T15:26:46.707Z, signalstrenth=-51, battery=2982,  temperature=21,  consumptioncounter=14,  buttoncounter=0, timezone=GMT+1,,,,,
id=45ea8db0c9656f2517b36b5155864ce1e91d04b1, timestamp=2020-01-18T18:22:23.262Z, signalstrenth=-53, battery=2970,  temperature=20,  consumptioncounter=15,  buttoncounter=0, timezone=GMT+1,,,,,
id=45ea8db0c9656f2517b36b5155864ce1e91d04b1, timestamp=2020-01-19T18:23:16.479Z, signalstrenth=-53, battery=2988,  temperature=21,  consumptioncounter=15,  buttoncounter=0, timezone=GMT+1,,,,,
id=45ea8db0c9656f2517b36b5155864ce1e91d04b1, timestamp=2020-01-19T19:47:56.038Z, signalstrenth=-50, battery=2964,  temperature=21,  consumptioncounter=16,  buttoncounter=0, timezone=GMT+1,,,,,
id=45ea8db0c9656f2517b36b5155864ce1e91d04b1, timestamp=2020-01-20T07:17:53.122Z, signalstrenth=-55, battery=2994,  temperature=15,  consumptioncounter=16,  buttoncounter=0, timezone=GMT+1,,,,,
id=45ea8db0c9656f2517b36b5155864ce1e91d04b1, timestamp=2020-01-20T11:07:51.973Z, signalstrenth=-56, battery=2994,  temperature=23,  consumptioncounter=16,  buttoncounter=0, timezone=GMT+1,,,,,
id=45ea8db0c9656f2517b36b5155864ce1e91d04b1, timestamp=2020-01-20T18:33:29.972Z, signalstrenth=-51, battery=2976,  temperature=20,  consumptioncounter=17,  buttoncounter=0, timezone=GMT+1,,,,,
id=45ea8db0c9656f2517b36b5155864ce1e91d04b1, timestamp=2020-01-21T07:36:26.502Z, signalstrenth=-48, battery=2982,  temperature=12,  consumptioncounter=17,  buttoncounter=0, timezone=GMT+1,,,,,
id=45ea8db0c9656f2517b36b5155864ce1e91d04b1, timestamp=2020-01-21T08:56:26.287Z, signalstrenth=-45, battery=2976,  temperature=18,  consumptioncounter=17,  buttoncounter=0, timezone=GMT+1,,,,,
id=45ea8db0c9656f2517b36b5155864ce1e91d04b1, timestamp=2020-01-21T12:36:25.150Z, signalstrenth=-50, battery=2982,  temperature=23,  consumptioncounter=17,  buttoncounter=0, timezone=GMT+1,,,,,
id=45ea8db0c9656f2517b36b5155864ce1e91d04b1, timestamp=2020-01-21T19:02:01.507Z, signalstrenth=-48, battery=2982,  temperature=20,  consumptioncounter=18,  buttoncounter=0, timezone=GMT+1,,,,,
id=45ea8db0c9656f2517b36b5155864ce1e91d04b1, timestamp=2020-01-21T19:37:53.272Z, signalstrenth=-47, battery=2970,  temperature=20,  consumptioncounter=19,  buttoncounter=0, timezone=GMT+1,,,,,
id=45ea8db0c9656f2517b36b5155864ce1e91d04b1, timestamp=2020-01-22T09:38:19.651Z, signalstrenth=-60, battery=2982,  temperature=15,  consumptioncounter=19,  buttoncounter=0, timezone=GMT+1,,,,,
id=45ea8db0c9656f2517b36b5155864ce1e91d04b1, timestamp=2020-01-22T18:01:45.791Z, signalstrenth=-57, battery=2976,  temperature=18,  consumptioncounter=20,  buttoncounter=0, timezone=GMT+1,,,,,
id=45ea8db0c9656f2517b36b5155864ce1e91d04b1, timestamp=2020-01-22T18:47:37.695Z, signalstrenth=-53, battery=2958,  temperature=18,  consumptioncounter=21,  buttoncounter=0, timezone=GMT+1,,,,,
id=45ea8db0c9656f2517b36b5155864ce1e91d04b1, timestamp=2020-01-22T19:10:33.219Z, signalstrenth=-62, battery=2970,  temperature=25,  consumptioncounter=22,  buttoncounter=0, timezone=GMT+1,,,,,
id=45ea8db0c9656f2517b36b5155864ce1e91d04b1, timestamp=2020-01-22T19:40:33.688Z, signalstrenth=-50, battery=2976,  temperature=20,  consumptioncounter=22,  buttoncounter=0, timezone=GMT+1,,,,,
,,,,,,,,,,,,
id=6551e0c5b6048e136ff46cf1b2ae02b807de0b8a, timestamp=2020-01-10T08:13:10.549Z, signalstrenth=-59, battery=2976,  temperature=20,  consumptioncounter=0,  buttoncounter=0, timezone=GMT+1,,,,,
id=6551e0c5b6048e136ff46cf1b2ae02b807de0b8a, timestamp=2020-01-10T08:14:00.829Z, signalstrenth=-55, battery=3012,  temperature=20,  consumptioncounter=1,  buttoncounter=0, timezone=GMT+1,,,,,
id=6551e0c5b6048e136ff46cf1b2ae02b807de0b8a, timestamp=2020-01-10T18:46:20.583Z, signalstrenth=-53, battery=2994,  temperature=18,  consumptioncounter=2,  buttoncounter=0, timezone=GMT+1,,,,,
id=6551e0c5b6048e136ff46cf1b2ae02b807de0b8a, timestamp=2020-01-11T18:46:20.250Z, signalstrenth=-55, battery=2994,  temperature=17,  consumptioncounter=2,  buttoncounter=0, timezone=GMT+1,,,,,
id=6551e0c5b6048e136ff46cf1b2ae02b807de0b8a, timestamp=2020-01-12T18:47:07.543Z, signalstrenth=-58, battery=2994,  temperature=17,  consumptioncounter=2,  buttoncounter=0, timezone=GMT+1,,,,,
id=6551e0c5b6048e136ff46cf1b2ae02b807de0b8a, timestamp=2020-01-12T19:12:14.796Z, signalstrenth=-52, battery=2970,  temperature=17,  consumptioncounter=3,  buttoncounter=0, timezone=GMT+1,,,,,
id=6551e0c5b6048e136ff46cf1b2ae02b807de0b8a, timestamp=2020-01-13T19:12:15.163Z, signalstrenth=-52, battery=2994,  temperature=16,  consumptioncounter=3,  buttoncounter=0, timezone=GMT+1,,,,,
id=6551e0c5b6048e136ff46cf1b2ae02b807de0b8a, timestamp=2020-01-14T19:05:24.336Z, signalstrenth=-50, battery=2976,  temperature=18,  consumptioncounter=4,  buttoncounter=0, timezone=GMT+1,,,,,
id=6551e0c5b6048e136ff46cf1b2ae02b807de0b8a, timestamp=2020-01-15T19:05:24.201Z, signalstrenth=-50, battery=2976,  temperature=16,  consumptioncounter=4,  buttoncounter=0, timezone=GMT+1,,,,,
id=6551e0c5b6048e136ff46cf1b2ae02b807de0b8a, timestamp=2020-01-16T19:05:41.597Z, signalstrenth=-52, battery=2988,  temperature=16,  consumptioncounter=4,  buttoncounter=0, timezone=GMT+1,,,,,
id=6551e0c5b6048e136ff46cf1b2ae02b807de0b8a, timestamp=2020-01-17T18:55:35.110Z, signalstrenth=-52, battery=2976,  temperature=18,  consumptioncounter=5,  buttoncounter=0, timezone=GMT+1,,,,,
id=6551e0c5b6048e136ff46cf1b2ae02b807de0b8a, timestamp=2020-01-18T12:55:30.183Z, signalstrenth=-49, battery=2994,  temperature=17,  consumptioncounter=5,  buttoncounter=0, timezone=GMT+1,,,,,
id=6551e0c5b6048e136ff46cf1b2ae02b807de0b8a, timestamp=2020-01-18T20:18:58.915Z, signalstrenth=-48, battery=2976,  temperature=18,  consumptioncounter=6,  buttoncounter=0, timezone=GMT+1,,,,,
id=6551e0c5b6048e136ff46cf1b2ae02b807de0b8a, timestamp=2020-01-19T20:18:59.238Z, signalstrenth=-46, battery=2988,  temperature=17,  consumptioncounter=6,  buttoncounter=0, timezone=GMT+1,,,,,
id=6551e0c5b6048e136ff46cf1b2ae02b807de0b8a, timestamp=2020-01-20T07:32:08.899Z, signalstrenth=-57, battery=2970,  temperature=18,  consumptioncounter=7,  buttoncounter=0, timezone=GMT+1,,,,,
id=6551e0c5b6048e136ff46cf1b2ae02b807de0b8a, timestamp=2020-01-21T07:32:08.862Z, signalstrenth=-63, battery=2982,  temperature=17,  consumptioncounter=7,  buttoncounter=0, timezone=GMT+1,,,,,
id=6551e0c5b6048e136ff46cf1b2ae02b807de0b8a, timestamp=2020-01-22T07:32:09.137Z, signalstrenth=-70, battery=2976,  temperature=17,  consumptioncounter=7,  buttoncounter=0, timezone=GMT+1,,,,,
,,,,,,,,,,,,
id=bf77cf02fee5143fe897a4ac019376453d10022c, timestamp=2020-01-13T18:28:37.216Z, signalstrenth=-61, battery=3018,  temperature=22,  consumptioncounter=1,  buttoncounter=0, timezone=GMT+1,,,,,
id=bf77cf02fee5143fe897a4ac019376453d10022c, timestamp=2020-01-14T18:12:22.601Z, signalstrenth=-63, battery=3012,  temperature=18,  consumptioncounter=2,  buttoncounter=0, timezone=GMT+1,,,,,
id=bf77cf02fee5143fe897a4ac019376453d10022c, timestamp=2020-01-15T06:59:29.310Z, signalstrenth=-72, battery=3000,  temperature=18,  consumptioncounter=3,  buttoncounter=0, timezone=GMT+1,,,,,
id=bf77cf02fee5143fe897a4ac019376453d10022c, timestamp=2020-01-16T06:59:29.141Z, signalstrenth=-60, battery=3000,  temperature=18,  consumptioncounter=3,  buttoncounter=0, timezone=GMT+1,,,,,
id=bf77cf02fee5143fe897a4ac019376453d10022c, timestamp=2020-01-17T06:59:29.664Z, signalstrenth=-65, battery=3006,  temperature=18,  consumptioncounter=3,  buttoncounter=0, timezone=GMT+1,,,,,
id=bf77cf02fee5143fe897a4ac019376453d10022c, timestamp=2020-01-18T06:59:29.777Z, signalstrenth=-66, battery=3012,  temperature=18,  consumptioncounter=3,  buttoncounter=0, timezone=GMT+1,,,,,
id=bf77cf02fee5143fe897a4ac019376453d10022c, timestamp=2020-01-19T06:59:29.778Z, signalstrenth=-63, battery=3000,  temperature=18,  consumptioncounter=3,  buttoncounter=0, timezone=GMT+1,,,,,
id=bf77cf02fee5143fe897a4ac019376453d10022c, timestamp=2020-01-20T06:59:30.355Z, signalstrenth=-65, battery=3000,  temperature=18,  consumptioncounter=3,  buttoncounter=0, timezone=GMT+1,,,,,
id=bf77cf02fee5143fe897a4ac019376453d10022c, timestamp=2020-01-21T06:46:13.711Z, signalstrenth=-74, battery=2994,  temperature=18,  consumptioncounter=3,  buttoncounter=1, timezone=GMT+1,,,,,
,,,,,,,,,,,,
id=14f8632d5bd726595229ef2483d88f9874eb33dd, timestamp=2020-01-11T06:11:43.504Z, signalstrenth=-41, battery=2976,  temperature=20,  consumptioncounter=0,  buttoncounter=0, timezone=GMT-8,,,,,
id=14f8632d5bd726595229ef2483d88f9874eb33dd, timestamp=2020-01-11T06:12:15.871Z, signalstrenth=-57, battery=3018,  temperature=21,  consumptioncounter=1,  buttoncounter=0, timezone=GMT-8,,,,,
id=14f8632d5bd726595229ef2483d88f9874eb33dd, timestamp=2020-01-11T06:22:55.692Z, signalstrenth=-46, battery=3018,  temperature=21,  consumptioncounter=2,  buttoncounter=0, timezone=GMT-8,,,,,
id=14f8632d5bd726595229ef2483d88f9874eb33dd, timestamp=2020-01-12T06:22:56.065Z, signalstrenth=-47, battery=3006,  temperature=18,  consumptioncounter=2,  buttoncounter=0, timezone=GMT-8,,,,,
id=14f8632d5bd726595229ef2483d88f9874eb33dd, timestamp=2020-01-12T07:38:58.603Z, signalstrenth=-68, battery=3006,  temperature=18,  consumptioncounter=3,  buttoncounter=0, timezone=GMT-8,,,,,
id=14f8632d5bd726595229ef2483d88f9874eb33dd, timestamp=2020-01-16T08:46:37.527Z, signalstrenth=-47, battery=2802,  temperature=20,  consumptioncounter=0,  buttoncounter=0, timezone=GMT-8,,,,,
id=14f8632d5bd726595229ef2483d88f9874eb33dd, timestamp=2020-01-16T08:48:27.243Z, signalstrenth=-42, battery=2916,  temperature=20,  consumptioncounter=1,  buttoncounter=0, timezone=GMT-8,,,,,
id=14f8632d5bd726595229ef2483d88f9874eb33dd, timestamp=2020-01-16T17:45:20.967Z, signalstrenth=-56, battery=2928,  temperature=20,  consumptioncounter=3,  buttoncounter=0, timezone=GMT-8,,,,,
id=14f8632d5bd726595229ef2483d88f9874eb33dd, timestamp=2020-01-17T06:10:13.264Z, signalstrenth=-63, battery=2934,  temperature=18,  consumptioncounter=4,  buttoncounter=0, timezone=GMT-8,,,,,
id=14f8632d5bd726595229ef2483d88f9874eb33dd, timestamp=2020-01-18T06:10:13.414Z, signalstrenth=-63, battery=2958,  temperature=18,  consumptioncounter=4,  buttoncounter=0, timezone=GMT-8,,,,,
id=14f8632d5bd726595229ef2483d88f9874eb33dd, timestamp=2020-01-18T06:59:44.317Z, signalstrenth=-66, battery=2934,  temperature=20,  consumptioncounter=5,  buttoncounter=0, timezone=GMT-8,,,,,
id=14f8632d5bd726595229ef2483d88f9874eb33dd, timestamp=2020-01-19T06:59:44.848Z, signalstrenth=-51, battery=2964,  temperature=18,  consumptioncounter=5,  buttoncounter=0, timezone=GMT-8,,,,,
id=14f8632d5bd726595229ef2483d88f9874eb33dd, timestamp=2020-01-19T07:38:21.143Z, signalstrenth=-55, battery=2952,  temperature=18,  consumptioncounter=6,  buttoncounter=0, timezone=GMT-8,,,,,
id=14f8632d5bd726595229ef2483d88f9874eb33dd, timestamp=2020-01-19T17:18:18.240Z, signalstrenth=-49, battery=2958,  temperature=23,  consumptioncounter=6,  buttoncounter=0, timezone=GMT-8,,,,,
id=14f8632d5bd726595229ef2483d88f9874eb33dd, timestamp=2020-01-19T21:18:17.252Z, signalstrenth=-52, battery=2958,  temperature=18,  consumptioncounter=6,  buttoncounter=0, timezone=GMT-8,,,,,
id=14f8632d5bd726595229ef2483d88f9874eb33dd, timestamp=2020-01-20T07:06:46.978Z, signalstrenth=-64, battery=2952,  temperature=20,  consumptioncounter=7,  buttoncounter=0, timezone=GMT-8,,,,,
id=14f8632d5bd726595229ef2483d88f9874eb33dd, timestamp=2020-01-21T05:44:11.290Z, signalstrenth=-64, battery=2958,  temperature=18,  consumptioncounter=8,  buttoncounter=0, timezone=GMT-8,,,,,
,,,,,,,,,,,,
id=af0e2902e08e0bf8f7558b5cc4119688c8f60be5, timestamp=2020-01-10T09:27:16.364Z, signalstrenth=-71, battery=2970,  temperature=18,  consumptioncounter=0,  buttoncounter=0, timezone=GMT+1,,,,,
id=af0e2902e08e0bf8f7558b5cc4119688c8f60be5, timestamp=2020-01-10T09:28:34.389Z, signalstrenth=-71, battery=3000,  temperature=20,  consumptioncounter=1,  buttoncounter=0, timezone=GMT+1,,,,,
id=af0e2902e08e0bf8f7558b5cc4119688c8f60be5, timestamp=2020-01-10T14:32:48.524Z, signalstrenth=-69, battery=3012,  temperature=22,  consumptioncounter=2,  buttoncounter=0, timezone=GMT+1,,,,,
id=af0e2902e08e0bf8f7558b5cc4119688c8f60be5, timestamp=2020-01-11T09:35:56.026Z, signalstrenth=-66, battery=2988,  temperature=18,  consumptioncounter=3,  buttoncounter=0, timezone=GMT+1,,,,,
id=af0e2902e08e0bf8f7558b5cc4119688c8f60be5, timestamp=2020-01-12T09:35:55.279Z, signalstrenth=-74, battery=2994,  temperature=18,  consumptioncounter=3,  buttoncounter=0, timezone=GMT+1,,,,,
id=af0e2902e08e0bf8f7558b5cc4119688c8f60be5, timestamp=2020-01-12T10:03:57.572Z, signalstrenth=-69, battery=2988,  temperature=18,  consumptioncounter=4,  buttoncounter=0, timezone=GMT+1,,,,,
id=af0e2902e08e0bf8f7558b5cc4119688c8f60be5, timestamp=2020-01-17T09:50:39.699Z, signalstrenth=-78, battery=2970,  temperature=16,  consumptioncounter=4,  buttoncounter=0, timezone=GMT+1,,,,,
id=af0e2902e08e0bf8f7558b5cc4119688c8f60be5, timestamp=2020-01-17T09:54:10.348Z, signalstrenth=-63, battery=2970,  temperature=16,  consumptioncounter=5,  buttoncounter=0, timezone=GMT+1,,,,,
,,,,,,,,,,,,
id=043e67fb89a6a21968f95750f9145cda551bb021, timestamp=2020-01-08T02:36:37.740Z, signalstrenth=-50, battery=2994,  temperature=18,  consumptioncounter=0,  buttoncounter=0, timezone=GMT-5,,,,,
id=043e67fb89a6a21968f95750f9145cda551bb021, timestamp=2020-01-08T02:43:36.317Z, signalstrenth=-60, battery=2994,  temperature=20,  consumptioncounter=1,  buttoncounter=0, timezone=GMT-5,,,,,
id=043e67fb89a6a21968f95750f9145cda551bb021, timestamp=2020-01-09T02:43:36.134Z, signalstrenth=-57, battery=3006,  temperature=19,  consumptioncounter=1,  buttoncounter=0, timezone=GMT-5,,,,,
id=043e67fb89a6a21968f95750f9145cda551bb021, timestamp=2020-01-09T03:03:46.365Z, signalstrenth=-58, battery=2994,  temperature=19,  consumptioncounter=2,  buttoncounter=0, timezone=GMT-5,,,,,
id=043e67fb89a6a21968f95750f9145cda551bb021, timestamp=2020-01-09T09:03:44.638Z, signalstrenth=-56, battery=3000,  temperature=17,  consumptioncounter=2,  buttoncounter=0, timezone=GMT-5,,,,,
id=043e67fb89a6a21968f95750f9145cda551bb021, timestamp=2020-01-10T00:36:49.473Z, signalstrenth=-44, battery=2988,  temperature=20,  consumptioncounter=3,  buttoncounter=0, timezone=GMT-5,,,,,
id=043e67fb89a6a21968f95750f9145cda551bb021, timestamp=2020-01-11T22:46:07.542Z, signalstrenth=-42, battery=2994,  temperature=21,  consumptioncounter=5,  buttoncounter=0, timezone=GMT-5,,,,,
id=043e67fb89a6a21968f95750f9145cda551bb021, timestamp=2020-01-12T15:55:00.453Z, signalstrenth=-54, battery=2994,  temperature=24,  consumptioncounter=6,  buttoncounter=0, timezone=GMT-5,,,,,
id=043e67fb89a6a21968f95750f9145cda551bb021, timestamp=2020-01-13T15:55:00.483Z, signalstrenth=-51, battery=3012,  temperature=20,  consumptioncounter=6,  buttoncounter=0, timezone=GMT-5,,,,,
id=043e67fb89a6a21968f95750f9145cda551bb021, timestamp=2020-01-13T17:52:39.663Z, signalstrenth=-44, battery=3000,  temperature=20,  consumptioncounter=7,  buttoncounter=0, timezone=GMT-5,,,,,
id=043e67fb89a6a21968f95750f9145cda551bb021, timestamp=2020-01-14T23:52:31.087Z, signalstrenth=-50, battery=3000,  temperature=20,  consumptioncounter=7,  buttoncounter=0, timezone=GMT-5,,,,,
id=043e67fb89a6a21968f95750f9145cda551bb021, timestamp=2020-01-15T00:07:39.710Z, signalstrenth=-49, battery=3000,  temperature=20,  consumptioncounter=8,  buttoncounter=0, timezone=GMT-5,,,,,
id=043e67fb89a6a21968f95750f9145cda551bb021, timestamp=2020-01-15T19:25:06.642Z, signalstrenth=-49, battery=2988,  temperature=20,  consumptioncounter=9,  buttoncounter=0, timezone=GMT-5,,,,,
,,,,,,,,,,,,
id=3a75056d4039f6a41a9b5f91b62af6aed61af485, timestamp=2020-01-09T18:17:39.991Z, signalstrenth=-55, battery=2946,  temperature=18,  consumptioncounter=0,  buttoncounter=0, timezone=GMT-8,,,,,
id=3a75056d4039f6a41a9b5f91b62af6aed61af485, timestamp=2020-01-09T18:19:29.622Z, signalstrenth=-49, battery=2994,  temperature=18,  consumptioncounter=1,  buttoncounter=0, timezone=GMT-8,,,,,
id=3a75056d4039f6a41a9b5f91b62af6aed61af485, timestamp=2020-01-10T18:19:30.260Z, signalstrenth=-53, battery=2982,  temperature=15,  consumptioncounter=1,  buttoncounter=0, timezone=GMT-8,,,,,
id=3a75056d4039f6a41a9b5f91b62af6aed61af485, timestamp=2020-01-11T02:19:21.009Z, signalstrenth=-42, battery=2982,  temperature=21,  consumptioncounter=1,  buttoncounter=0, timezone=GMT-8,,,,,
id=3a75056d4039f6a41a9b5f91b62af6aed61af485, timestamp=2020-01-11T03:00:24.949Z, signalstrenth=-49, battery=2970,  temperature=21,  consumptioncounter=2,  buttoncounter=0, timezone=GMT-8,,,,,
id=3a75056d4039f6a41a9b5f91b62af6aed61af485, timestamp=2020-01-11T07:26:37.158Z, signalstrenth=-56, battery=2982,  temperature=18,  consumptioncounter=3,  buttoncounter=0, timezone=GMT-8,,,,,
id=3a75056d4039f6a41a9b5f91b62af6aed61af485, timestamp=2020-01-11T17:57:03.078Z, signalstrenth=-56, battery=2976,  temperature=18,  consumptioncounter=4,  buttoncounter=0, timezone=GMT-8,,,,,
id=3a75056d4039f6a41a9b5f91b62af6aed61af485, timestamp=2020-01-11T19:00:45.750Z, signalstrenth=-57, battery=2964,  temperature=18,  consumptioncounter=5,  buttoncounter=0, timezone=GMT-8,,,,,
,,,,,,,,,,,,
"id=5807744436eb0278100a34d548d33d2dcc67d665	","timestamp=2020-01-05T17:01:41.508Z	","signalstrenth=-57	","battery=2994	","temperature=18	","consumptioncounter=0	","buttoncounter=0	",timezone=GMT+1,,,,,
"id=5807744436eb0278100a34d548d33d2dcc67d665	","timestamp=2020-01-06T17:01:41.965Z	","signalstrenth=-70	","battery=2994	","temperature=18	","consumptioncounter=0	","buttoncounter=0	",timezone=GMT+1,,,,,
"id=5807744436eb0278100a34d548d33d2dcc67d665	","timestamp=2020-01-07T17:01:43.020Z	","signalstrenth=-82	","battery=2994	","temperature=18	","consumptioncounter=0	","buttoncounter=0	",timezone=GMT+1,,,,,
"id=5807744436eb0278100a34d548d33d2dcc67d665	","timestamp=2020-01-08T17:01:43.770Z	","signalstrenth=-58	","battery=2988	","temperature=17	","consumptioncounter=0	","buttoncounter=0	",timezone=GMT+1,,,,,
"id=5807744436eb0278100a34d548d33d2dcc67d665	","timestamp=2020-01-09T18:22:09.894Z	","signalstrenth=-65	","battery=2994	","temperature=18	","consumptioncounter=1	","buttoncounter=0	",timezone=GMT+1,,,,,
"id=5807744436eb0278100a34d548d33d2dcc67d665	","timestamp=2020-01-10T17:02:19.572Z	","signalstrenth=-62	","battery=2988	","temperature=18	","consumptioncounter=1	","buttoncounter=0	",timezone=GMT+1,,,,,
"id=5807744436eb0278100a34d548d33d2dcc67d665	","timestamp=2020-01-11T17:02:14.492Z	","signalstrenth=-66	","battery=2988	","temperature=18	","consumptioncounter=1	","buttoncounter=0	",timezone=GMT+1,,,,,
"id=5807744436eb0278100a34d548d33d2dcc67d665	","timestamp=2020-01-12T17:02:15.323Z	","signalstrenth=-67	","battery=2988	","temperature=18	","consumptioncounter=1	","buttoncounter=0	",timezone=GMT+1,,,,,
"id=5807744436eb0278100a34d548d33d2dcc67d665	","timestamp=2020-01-13T17:02:21.951Z	","signalstrenth=-67	","battery=2976	","temperature=18	","consumptioncounter=1	","buttoncounter=0	",timezone=GMT+1,,,,,
"id=5807744436eb0278100a34d548d33d2dcc67d665	","timestamp=2020-01-14T17:02:17.281Z	","signalstrenth=-65	","battery=2976	","temperature=17	","consumptioncounter=1	","buttoncounter=0	",timezone=GMT+1,,,,,
"id=5807744436eb0278100a34d548d33d2dcc67d665	","timestamp=2020-01-15T17:02:17.902Z	","signalstrenth=-58	","battery=2982	","temperature=18	","consumptioncounter=1	","buttoncounter=0	",timezone=GMT+1,,,,,
"id=5807744436eb0278100a34d548d33d2dcc67d665	","timestamp=2020-01-16T17:02:19.007Z	","signalstrenth=-63	","battery=2982	","temperature=18	","consumptioncounter=1	","buttoncounter=0	",timezone=GMT+1,,,,,
"id=5807744436eb0278100a34d548d33d2dcc67d665	","timestamp=2020-01-17T17:02:25.137Z	","signalstrenth=-62	","battery=2976	","temperature=18	","consumptioncounter=1	","buttoncounter=0	",timezone=GMT+1,,,,,
"id=5807744436eb0278100a34d548d33d2dcc67d665	","timestamp=2020-01-18T17:02:20.723Z	","signalstrenth=-64	","battery=2982	","temperature=18	","consumptioncounter=1	","buttoncounter=0	",timezone=GMT+1,,,,,
"id=5807744436eb0278100a34d548d33d2dcc67d665	","timestamp=2020-01-19T17:09:38.477Z	","signalstrenth=-67	","battery=2982	","temperature=19	","consumptioncounter=1	","buttoncounter=0	",timezone=GMT+1,,,,,
"id=5807744436eb0278100a34d548d33d2dcc67d665	","timestamp=2020-01-20T17:09:56.095Z	","signalstrenth=-59	","battery=2988	","temperature=20	","consumptioncounter=1	","buttoncounter=0	",timezone=GMT+1,,,,,
"id=5807744436eb0278100a34d548d33d2dcc67d665	","timestamp=2020-01-21T17:10:48.793Z	","signalstrenth=-58	","battery=2994	","temperature=19	","consumptioncounter=1	","buttoncounter=0	",timezone=GMT+1,,,,,
"id=5807744436eb0278100a34d548d33d2dcc67d665	","timestamp=2020-01-22T17:10:49.402Z	","signalstrenth=-58	","battery=2994	","temperature=18	","consumptioncounter=1	","buttoncounter=0	",timezone=GMT+1,,,,,
"id=5807744436eb0278100a34d548d33d2dcc67d665	","timestamp=2020-01-23T17:10:50.372Z	","signalstrenth=-56	","battery=2988	","temperature=19	","consumptioncounter=1	","buttoncounter=0	",timezone=GMT+1,,,,,
"id=5807744436eb0278100a34d548d33d2dcc67d665	","timestamp=2020-01-24T17:10:51.147Z	","signalstrenth=-56	","battery=2988	","temperature=18	","consumptioncounter=1	","buttoncounter=0	",timezone=GMT+1,,,,,
"id=5807744436eb0278100a34d548d33d2dcc67d665	","timestamp=2020-01-25T13:00:21.887Z	","signalstrenth=-57	","battery=2988	","temperature=12	","consumptioncounter=1	","buttoncounter=0	",timezone=GMT+1,,,,,
"id=5807744436eb0278100a34d548d33d2dcc67d665	","timestamp=2020-01-25T13:50:21.965Z	","signalstrenth=-56	","battery=2988	","temperature=17	","consumptioncounter=1	","buttoncounter=0	",timezone=GMT+1,,,,,
"id=5807744436eb0278100a34d548d33d2dcc67d665	","timestamp=2020-01-26T13:50:22.637Z	","signalstrenth=-65	","battery=2988	","temperature=18	","consumptioncounter=1	","buttoncounter=0	",timezone=GMT+1,,,,,